img_path,image_id,patient_id,source,fold,seed,split,stage,backbone,tag,y_true_mis_miv,y_true_bt,y_true_3class,ambiguous_cutoff,var_epistemic,bald,entropy_total,entropy_aleatoric,msp,mc_samples,p_bt_mean
D:\REGAN-Projek\THESIS\Dataset\Kawahara\release\images\NAL\Nal020.jpg,NAL/Nal020.jpg,KAW_577,Kawahara,3,43,external,stage2,densenet121,densenet121_proc_subsample,0,,0,False,0.0014540036,0.0076270103,0.33252496,0.32489794,0.8965838,0.16265;0.11757;0.10706;0.09318;0.08036;0.13823;0.03789;0.11656;0.11777;0.10744;0.09418;0.07878;0.18447;0.21272;0.14034;0.07613;0.12679;0.09895;0.09074;0.04796;0.10141;0.10302;0.05655;0.13319;0.06383;0.10357;0.05835;0.08404;0.06929;0.09947,0.103416204
D:\REGAN-Projek\THESIS\Dataset\Kawahara\release\images\NAL\Nal022.jpg,NAL/Nal022.jpg,KAW_578,Kawahara,3,43,external,stage2,densenet121,densenet121_proc_subsample,0,,0,False,0.0028596574,0.005765736,0.6931471,0.6873814,0.5002139,0.50422;0.52439;0.56620;0.48002;0.54404;0.41442;0.46487;0.47711;0.46378;0.58901;0.55194;0.52341;0.55024;0.55706;0.48086;0.50299;0.52955;0.46821;0.55311;0.40345;0.54565;0.48151;0.53892;0.43446;0.51276;0.47028;0.52548;0.33644;0.49568;0.50350,0.49978608
D:\REGAN-Projek\THESIS\Dataset\Kawahara\release\images\NAL\Nal037.jpg,NAL/Nal037.jpg,KAW_579,Kawahara,3,43,external,stage2,densenet121,densenet121_proc_subsample,0,,0,False,0.0009119343,0.004023701,0.38818938,0.38416567,0.8690496,0.15053;0.16106;0.17953;0.08196;0.08540;0.10000;0.10913;0.12034;0.13263;0.09285;0.17610;0.14152;0.09773;0.08788;0.10819;0.17738;0.18389;0.15241;0.11163;0.15457;0.11697;0.14451;0.13195;0.14990;0.11616;0.12646;0.10429;0.14978;0.17329;0.11047,0.13095039
D:\REGAN-Projek\THESIS\Dataset\Kawahara\release\images\NAL\Nal044.jpg,NAL/Nal044.jpg,KAW_580,Kawahara,3,43,external,stage2,densenet121,densenet121_proc_subsample,0,,0,False,0.00094088516,0.005675286,0.2970063,0.29133102,0.9123758,0.07613;0.09041;0.07627;0.10177;0.06929;0.11697;0.05998;0.06098;0.14916;0.10971;0.07330;0.13535;0.08710;0.07277;0.05824;0.08648;0.04046;0.07211;0.05272;0.08480;0.04510;0.05665;0.09773;0.13928;0.09485;0.08741;0.10448;0.05665;0.16776;0.10484,0.08762416
D:\REGAN-Projek\THESIS\Dataset\Kawahara\release\images\NAL\Nal047.jpg,NAL/Nal047.jpg,KAW_581,Kawahara,3,43,external,stage2,densenet121,densenet121_proc_subsample,0,,0,False,0.0043988284,0.010608375,0.60320044,0.59259206,0.70882493,0.70892;0.77081;0.65357;0.59520;0.75672;0.66017;0.75037;0.65721;0.76047;0.67007;0.72710;0.80776;0.57636;0.78744;0.73659;0.76804;0.62131;0.70720;0.77915;0.63726;0.81714;0.76908;0.57904;0.66530;0.72399;0.64679;0.75219;0.76348;0.70385;0.71213,0.70882493
D:\REGAN-Projek\THESIS\Dataset\Kawahara\release\images\NAL\Nal066.jpg,NAL/Nal066.jpg,KAW_582,Kawahara,3,43,external,stage2,densenet121,densenet121_proc_subsample,0,,0,False,0.002930402,0.005921185,0.6892253,0.68330413,0.54425365,0.46262;0.47830;0.58788;0.50555;0.52126;0.58901;0.56866;0.55568;0.54244;0.54426;0.55935;0.47017;0.56137;0.56254;0.41164;0.52782;0.48575;0.55932;0.62137;0.61399;0.63012;0.57242;0.62704;0.59796;0.50210;0.53868;0.46770;0.49273;0.58047;0.58942,0.54425365
D:\REGAN-Projek\THESIS\Dataset\Kawahara\release\images\NAL\Nal073.jpg,NAL/Nal073.jpg,KAW_583,Kawahara,3,43,external,stage2,densenet121,densenet121_proc_subsample,0,,0,False,0.0017303829,0.004299104,0.58728844,0.58298934,0.7259061,0.73961;0.79053;0.75365;0.73886;0.76786;0.75455;0.69833;0.78050;0.70436;0.72302;0.66421;0.74632;0.76260;0.71612;0.66487;0.69627;0.69212;0.75654;0.76065;0.68268;0.76260;0.68405;0.71073;0.78448;0.70365;0.70962;0.76366;0.75779;0.69781;0.60912,0.7259061
D:\REGAN-Projek\THESIS\Dataset\Kawahara\release\images\NAL\Nal075.jpg,NAL/Nal075.jpg,KAW_584,Kawahara,3,43,external,stage2,densenet121,densenet121_proc_subsample,0,,0,False,0.00040959494,0.0047685653,0.16940026,0.1646317,0.95954096,0.04345;0.04859;0.02149;0.04743;0.03733;0.01597;0.06730;0.05521;0.01307;0.03927;0.03010;0.03180;0.05541;0.06337;0.04996;0.04922;0.04385;0.02801;0.11616;0.02606;0.05137;0.04485;0.02311;0.02373;0.03754;0.05655;0.02125;0.03334;0.02254;0.01647,0.040459033
D:\REGAN-Projek\THESIS\Dataset\Kawahara\release\images\NAL\Nal077.jpg,NAL/Nal077.jpg,KAW_585,Kawahara,3,43,external,stage2,densenet121,densenet121_proc_subsample,0,,0,False,0.0012822266,0.0064097643,0.3568126,0.35040283,0.8850149,0.09351;0.11656;0.15153;0.06120;0.07808;0.11697;0.06154;0.06693;0.11972;0.17065;0.09895;0.14045;0.13117;0.15610;0.09825;0.08495;0.18536;0.16079;0.14259;0.09877;0.10375;0.09074;0.16358;0.13084;0.15688;0.09451;0.06609;0.14560;0.10375;0.05976,0.11498508
D:\REGAN-Projek\THESIS\Dataset\Kawahara\release\images\NAL\Nal080.jpg,NAL/Nal080.jpg,KAW_586,Kawahara,3,43,external,stage2,densenet121,densenet121_proc_subsample,0,,0,False,0.00028068578,0.001999557,0.2598302,0.25783065,0.9275894,0.06407;0.07504;0.05450;0.07185;0.07410;0.06891;0.04996;0.07518;0.06929;0.10971;0.06645;0.09654;0.07794;0.06967;0.11992;0.06967;0.07878;0.08725;0.05987;0.04859;0.07586;0.04841;0.09705;0.05272;0.05867;0.06360;0.08788;0.06525;0.06967;0.06596,0.07241058
D:\REGAN-Projek\THESIS\Dataset\Kawahara\release\images\NAL\Nal082.jpg,NAL/Nal082.jpg,KAW_587,Kawahara,3,43,external,stage2,densenet121,densenet121_proc_subsample,0,,0,False,0.0011690718,0.004329473,0.43734622,0.43301675,0.8413969,0.15778;0.17511;0.19978;0.23214;0.13330;0.19513;0.23179;0.15065;0.11319;0.22885;0.16411;0.16358;0.15228;0.13569;0.11516;0.17767;0.14057;0.14670;0.13649;0.13788;0.08741;0.13998;0.14415;0.17867;0.11992;0.13742;0.16145;0.14805;0.18907;0.16411,0.1586031
D:\REGAN-Projek\THESIS\Dataset\Kawahara\release\images\NAL\Nal084.jpg,NAL/Nal084.jpg,KAW_588,Kawahara,3,43,external,stage2,densenet121,densenet121_proc_subsample,0,,0,False,0.0021117025,0.004240632,0.6926329,0.6883923,0.51603425,0.52388;0.61324;0.54852;0.49495;0.52223;0.56668;0.49241;0.47720;0.58279;0.48078;0.44490;0.46323;0.51278;0.56500;0.50415;0.50428;0.45996;0.58208;0.53391;0.56895;0.54946;0.46566;0.55064;0.47183;0.44613;0.45160;0.53473;0.53838;0.56070;0.46996,0.51603425
D:\REGAN-Projek\THESIS\Dataset\Kawahara\release\images\NAL\Nal088.jpg,NAL/Nal088.jpg,KAW_589,Kawahara,3,43,external,stage2,densenet121,densenet121_proc_subsample,0,,0,False,0.001846053,0.005066812,0.55030745,0.54524064,0.7606691,0.22885;0.20625;0.18097;0.28249;0.26133;0.25627;0.32842;0.19148;0.21272;0.23214;0.22236;0.18669;0.22017;0.24726;0.17767;0.21817;0.26779;0.27038;0.22152;0.26114;0.26095;0.27135;0.17896;0.26284;0.30965;0.17596;0.27689;0.25870;0.32563;0.18491,0.23933087
D:\REGAN-Projek\THESIS\Dataset\Kawahara\release\images\NAL\Nal090.jpg,NAL/Nal090.jpg,KAW_590,Kawahara,3,43,external,stage2,densenet121,densenet121_proc_subsample,0,,0,False,0.00394695,0.008139312,0.6830629,0.6749236,0.5708884,0.38972;0.44447;0.52625;0.49471;0.49674;0.39059;0.36331;0.43524;0.39811;0.43488;0.52034;0.57230;0.47030;0.36195;0.36286;0.38128;0.39694;0.45847;0.27048;0.38694;0.45562;0.45862;0.36060;0.47282;0.34027;0.41448;0.43212;0.48196;0.47183;0.42913,0.4291116
D:\REGAN-Projek\THESIS\Dataset\Kawahara\release\images\NAL\Nal052.jpg,NAL/Nal052.jpg,KAW_591,Kawahara,3,43,external,stage2,densenet121,densenet121_proc_subsample,0,,0,False,0.00094810664,0.0019019842,0.69278026,0.6908783,0.51354426,0.52759;0.51101;0.50292;0.40680;0.45856;0.46439;0.46873;0.48653;0.46563;0.45911;0.47988;0.43284;0.48743;0.52289;0.49979;0.50938;0.53404;0.47077;0.50282;0.50138;0.50099;0.45423;0.50584;0.47212;0.53373;0.45399;0.50950;0.44571;0.52120;0.50388,0.48645574
D:\REGAN-Projek\THESIS\Dataset\Kawahara\release\images\NAL\Nal099.jpg,NAL/Nal099.jpg,KAW_592,Kawahara,3,43,external,stage2,densenet121,densenet121_proc_subsample,0,,0,False,0.0012519758,0.004388511,0.46770203,0.46331352,0.8224213,0.12315;0.15662;0.19667;0.22627;0.14928;0.22219;0.15317;0.11319;0.16066;0.21044;0.17385;0.16600;0.14069;0.21486;0.18170;0.22253;0.21750;0.20466;0.10819;0.13006;0.16172;0.19652;0.23248;0.13707;0.19900;0.18728;0.16559;0.16804;0.22321;0.18477,0.1775787
D:\REGAN-Projek\THESIS\Dataset\Kawahara\release\images\NBL\Nbl001.jpg,NBL/Nbl001.jpg,KAW_593,Kawahara,3,43,external,stage2,densenet121,densenet121_proc_subsample,0,,0,False,0.0021423758,0.0074052215,0.45900416,0.45159894,0.8280249,0.08961;0.14548;0.16452;0.21967;0.15830;0.13184;0.14199;0.14780;0.12592;0.25683;0.16185;0.13229;0.17738;0.16265;0.26020;0.10613;0.26817;0.20371;0.16640;0.16817;0.12940;0.24726;0.17092;0.15753;0.17582;0.23634;0.19376;0.11476;0.14034;0.20418,0.17197508
D:\REGAN-Projek\THESIS\Dataset\Kawahara\release\images\NBL\Nbl007.jpg,NBL/Nbl007.jpg,KAW_594,Kawahara,3,43,external,stage2,densenet121,densenet121_proc_subsample,0,,0,False,0.0010103044,0.0031177402,0.50023085,0.4971131,0.80012375,0.27513;0.15688;0.22644;0.17399;0.23546;0.16899;0.20898;0.19962;0.24926;0.15053;0.24113;0.21850;0.25945;0.17259;0.22118;0.17681;0.23864;0.19330;0.19498;0.20562;0.16899;0.19224;0.18068;0.15495;0.18937;0.16519;0.17625;0.20562;0.19744;0.19806,0.19987623
D:\REGAN-Projek\THESIS\Dataset\Kawahara\release\images\NBL\Nbl010.jpg,NBL/Nbl010.jpg,KAW_595,Kawahara,3,43,external,stage2,densenet121,densenet121_proc_subsample,0,,0,False,0.0026228363,0.006079316,0.6268529,0.6207736,0.68002194,0.71503;0.70751;0.75329;0.68920;0.71123;0.66149;0.64165;0.76454;0.72194;0.61953;0.56674;0.71978;0.64902;0.66758;0.73754;0.65622;0.66704;0.69171;0.65324;0.63046;0.68405;0.62171;0.61567;0.73058;0.73393;0.69761;0.61745;0.61717;0.66953;0.78826,0.68002194
D:\REGAN-Projek\THESIS\Dataset\Kawahara\release\images\NBL\Nbl013.jpg,NBL/Nbl013.jpg,KAW_596,Kawahara,3,43,external,stage2,densenet121,densenet121_proc_subsample,0,,0,False,0.0006553421,0.003299147,0.3471203,0.34382117,0.8897104,0.08525;0.10339;0.10000;0.13308;0.07668;0.09236;0.14235;0.08977;0.08329;0.07316;0.08679;0.15053;0.12347;0.13240;0.09106;0.07780;0.16225;0.13207;0.12443;0.15830;0.09041;0.12722;0.11047;0.13928;0.11047;0.08374;0.09106;0.13319;0.09318;0.11124,0.110289566
D:\REGAN-Projek\THESIS\Dataset\Kawahara\release\images\NBL\Nbl015.jpg,NBL/Nbl015.jpg,KAW_597,Kawahara,3,43,external,stage2,densenet121,densenet121_proc_subsample,0,,0,False,0.0020247926,0.0049751997,0.5992305,0.5942553,0.71323407,0.21884;0.24744;0.27280;0.34599;0.29493;0.24328;0.24545;0.33699;0.33764;0.29169;0.26550;0.31616;0.24364;0.29788;0.34367;0.32199;0.21028;0.27474;0.33884;0.24256;0.28131;0.33841;0.27357;0.23899;0.22440;0.34566;0.36162;0.28727;0.33296;0.22850,0.28676596
D:\REGAN-Projek\THESIS\Dataset\Kawahara\release\images\NBL\Nbl022.jpg,NBL/Nbl022.jpg,KAW_598,Kawahara,3,43,external,stage2,densenet121,densenet121_proc_subsample,0,,0,False,0.003024951,0.006727278,0.64168847,0.6349612,0.6590122,0.72438;0.68268;0.64478;0.63748;0.65809;0.71968;0.61295;0.63057;0.73297;0.69585;0.62498;0.63985;0.64769;0.72155;0.63884;0.68711;0.52544;0.71153;0.67136;0.63046;0.68836;0.68279;0.58083;0.66595;0.54789;0.72865;0.66028;0.76804;0.58344;0.62590,0.6590122
D:\REGAN-Projek\THESIS\Dataset\Kawahara\release\images\NBL\Nbl025.jpg,NBL/Nbl025.jpg,KAW_599,Kawahara,3,43,external,stage2,densenet121,densenet121_proc_subsample,0,,0,False,0.0024067508,0.004912138,0.6830807,0.67816854,0.57082605,0.35321;0.42638;0.41888;0.35544;0.36421;0.38769;0.40345;0.50968;0.49082;0.46603;0.36670;0.44179;0.45702;0.39882;0.37771;0.37594;0.47810;0.53513;0.43452;0.39975;0.42668;0.47077;0.47698;0.42561;0.42925;0.42072;0.39024;0.42072;0.43845;0.53455,0.42917392
D:\REGAN-Projek\THESIS\Dataset\Kawahara\release\images\NBL\Nbl031.jpg,NBL/Nbl031.jpg,KAW_600,Kawahara,3,43,external,stage2,densenet121,densenet121_proc_subsample,0,,0,False,0.0017645534,0.0058312714,0.46963093,0.46379966,0.82115936,0.12592;0.13940;0.21817;0.21684;0.16345;0.14524;0.16358;0.16305;0.26114;0.22372;0.15254;0.14295;0.13195;0.14670;0.17441;0.18506;0.12003;0.21552;0.22101;0.27406;0.13062;0.17357;0.16886;0.15482;0.15393;0.26664;0.18877;0.22101;0.15191;0.17037,0.17884064
D:\REGAN-Projek\THESIS\Dataset\Kawahara\release\images\NFL\Nfl054.jpg,NFL/Nfl054.jpg,KAW_601,Kawahara,3,43,external,stage2,densenet121,densenet121_proc_subsample,0,,0,False,0.0012476415,0.0066637993,0.33548307,0.32881927,0.8952095,0.10466;0.14719;0.19853;0.08648;0.15521;0.14463;0.12464;0.12347;0.05099;0.12116;0.09041;0.08725;0.07491;0.11496;0.09074;0.05624;0.15431;0.06064;0.11202;0.07383;0.09009;0.08756;0.04209;0.13800;0.06513;0.08772;0.10932;0.14391;0.09982;0.10781,0.1047905
D:\REGAN-Projek\THESIS\Dataset\Kawahara\release\images\NGL\Ngl002.jpg,NGL/Ngl002.jpg,KAW_602,Kawahara,3,43,external,stage2,densenet121,densenet121_proc_subsample,0,,0,False,0.0018432837,0.0059498847,0.49048233,0.48453245,0.807043,0.20625;0.21256;0.17009;0.19391;0.14093;0.16398;0.14415;0.21601;0.16371;0.22559;0.23652;0.11437;0.18832;0.14140;0.18330;0.25386;0.19360;0.26894;0.20166;0.27125;0.13661;0.22372;0.19915;0.16238;0.13006;0.18803;0.25275;0.19330;0.15003;0.26227,0.19295698
D:\REGAN-Projek\THESIS\Dataset\Kawahara\release\images\NGL\NGL010.JPG,NGL/NGL010.JPG,KAW_603,Kawahara,3,43,external,stage2,densenet121,densenet121_proc_subsample,0,,0,False,0.0018954086,0.008235753,0.36975366,0.3615179,0.8785755,0.09671;0.09187;0.19993;0.16318;0.13975;0.14283;0.15090;0.09895;0.07069;0.10339;0.12863;0.09877;0.09138;0.21272;0.08123;0.13218;0.14045;0.07907;0.08930;0.08344;0.07069;0.08449;0.12148;0.25516;0.13719;0.10650;0.10302;0.16079;0.07710;0.13095,0.12142451
D:\REGAN-Projek\THESIS\Dataset\Kawahara\release\images\NGL\Ngl062.jpg,NGL/Ngl062.jpg,KAW_604,Kawahara,3,43,external,stage2,densenet121,densenet121_proc_subsample,0,,0,False,0.0012953122,0.0030875206,0.6083421,0.6052546,0.7029522,0.62612;0.70447;0.64411;0.63080;0.70751;0.72135;0.68742;0.75238;0.68035;0.65633;0.66606;0.68574;0.70538;0.69451;0.68045;0.72739;0.74017;0.74577;0.66888;0.72536;0.76101;0.73545;0.67544;0.72904;0.72691;0.69761;0.73905;0.71393;0.70233;0.75726,0.7029522
D:\REGAN-Projek\THESIS\Dataset\Kawahara\release\images\NGL\Ngl068.jpg,NGL/Ngl068.jpg,KAW_605,Kawahara,3,43,external,stage2,densenet121,densenet121_proc_subsample,0,,0,False,0.0010568468,0.004608035,0.37458217,0.36997414,0.87612146,0.09705;0.09843;0.09074;0.09654;0.09808;0.13117;0.11798;0.09739;0.10521;0.09351;0.16505;0.18669;0.11124;0.12798;0.13387;0.17245;0.18982;0.10650;0.10838;0.08977;0.09302;0.18922;0.10141;0.13823;0.12962;0.09825;0.11879;0.19118;0.10895;0.12984,0.12387855
D:\REGAN-Projek\THESIS\Dataset\Kawahara\release\images\NGL\Ngl084.jpg,NGL/Ngl084.jpg,KAW_606,Kawahara,3,43,external,stage2,densenet121,densenet121_proc_subsample,0,,0,False,0.000762391,0.0043625236,0.31082195,0.30645943,0.90638536,0.12744;0.17092;0.08930;0.11536;0.07198;0.15883;0.09895;0.10141;0.09982;0.04451;0.08480;0.08152;0.05965;0.11319;0.05954;0.08196;0.06992;0.07850;0.11086;0.09965;0.08898;0.08123;0.11124;0.09401;0.07094;0.05410;0.11556;0.09236;0.11047;0.07146,0.093614645
D:\REGAN-Projek\THESIS\Dataset\Kawahara\release\images\NHL\Nhl009.jpg,NHL/Nhl009.jpg,KAW_607,Kawahara,3,43,external,stage2,densenet121,densenet121_proc_subsample,0,,0,False,0.0012440631,0.0033006072,0.5685968,0.5652962,0.7442197,0.28917;0.22902;0.22423;0.29788;0.22988;0.23828;0.24671;0.26981;0.30725;0.24726;0.23092;0.28567;0.28707;0.26760;0.26322;0.23705;0.27474;0.27135;0.22152;0.28527;0.33600;0.17967;0.25423;0.29798;0.24095;0.28160;0.23161;0.25702;0.18418;0.20625,0.25578028
D:\REGAN-Projek\THESIS\Dataset\Kawahara\release\images\NIL\Nil031.jpg,NIL/Nil031.jpg,KAW_608,Kawahara,3,43,external,stage2,densenet121,densenet121_proc_subsample,0,,0,False,0.00075589283,0.004537314,0.29604417,0.29150686,0.912786,0.06767;0.10088;0.07237;0.06792;0.12539;0.07290;0.04240;0.07370;0.15610;0.07935;0.08007;0.12252;0.06120;0.12453;0.06418;0.07056;0.15040;0.08065;0.04769;0.08930;0.07978;0.07343;0.09654;0.12539;0.07356;0.08434;0.05781;0.08167;0.09860;0.09552,0.08721398
D:\REGAN-Projek\THESIS\Dataset\Kawahara\release\images\NIL\Nil080.jpg,NIL/Nil080.jpg,KAW_609,Kawahara,3,43,external,stage2,densenet121,densenet121_proc_subsample,0,,0,False,0.00093487435,0.005466521,0.28876528,0.28329876,0.9158603,0.19072;0.05420;0.08449;0.05686;0.15585;0.04586;0.07464;0.08079;0.08772;0.05061;0.08449;0.06279;0.07878;0.10177;0.07921;0.08495;0.11086;0.07146;0.04743;0.04904;0.07696;0.07808;0.11241;0.07586;0.10990;0.06279;0.07822;0.08756;0.11182;0.07808,0.084139675
D:\REGAN-Projek\THESIS\Dataset\Kawahara\release\images\NIL\Nil084.jpg,NIL/Nil084.jpg,KAW_610,Kawahara,3,43,external,stage2,densenet121,densenet121_proc_subsample,0,,0,False,0.004023328,0.008243144,0.6808756,0.67263246,0.57817066,0.60007;0.63216;0.58788;0.62475;0.58273;0.65302;0.64277;0.57254;0.64086;0.53747;0.52220;0.62229;0.54722;0.53580;0.42740;0.57898;0.64243;0.56698;0.41229;0.58107;0.53738;0.57368;0.57463;0.60562;0.68931;0.54289;0.55824;0.65941;0.46830;0.62475,0.57817066
D:\REGAN-Projek\THESIS\Dataset\Kawahara\release\images\Adl\Adl301.jpg,Adl/Adl301.jpg,KAW_611,Kawahara,3,43,external,stage2,densenet121,densenet121_proc_subsample,0,,0,False,0.0003680281,0.0033528507,0.21231304,0.20896019,0.94523513,0.03039;0.03761;0.03691;0.05676;0.06348;0.06681;0.03684;0.04527;0.03327;0.03391;0.04502;0.03302;0.04664;0.04217;0.03027;0.05340;0.05420;0.05613;0.10688;0.06804;0.05582;0.05156;0.07043;0.05118;0.09368;0.06942;0.04904;0.06829;0.09688;0.05965,0.054764893
D:\REGAN-Projek\THESIS\Dataset\Kawahara\release\images\Ael\Ael496.jpg,Ael/Ael496.jpg,KAW_612,Kawahara,3,43,external,stage2,densenet121,densenet121_proc_subsample,0,,0,False,0.0029580784,0.0063738823,0.6643803,0.6580064,0.61935234,0.41614;0.35858;0.36693;0.42060;0.35880;0.43614;0.34422;0.24042;0.47063;0.42596;0.30260;0.36806;0.40110;0.42185;0.27718;0.37330;0.39718;0.35265;0.34698;0.38804;0.45302;0.38036;0.41188;0.33264;0.44092;0.48401;0.33666;0.41555;0.32520;0.37182,0.38064763
D:\REGAN-Projek\THESIS\Dataset\Kawahara\release\images\Gzl\gzl20.jpg,Gzl/gzl20.jpg,KAW_613,Kawahara,3,43,external,stage2,densenet121,densenet121_proc_subsample,0,,0,False,0.0017640959,0.0064215064,0.44819662,0.4417751,0.83479774,0.09808;0.19483;0.10595;0.23846;0.14731;0.13975;0.10248;0.16776;0.22508;0.16185;0.19269;0.12733;0.14475;0.17838;0.16452;0.18054;0.16982;0.18758;0.11163;0.12496;0.18758;0.22051;0.22338;0.18877;0.14319;0.11951;0.25183;0.13603;0.11798;0.20355,0.16520227
D:\REGAN-Projek\THESIS\Dataset\Kawahara\release\images\Gzl\gzl28.jpg,Gzl/gzl28.jpg,KAW_614,Kawahara,3,43,external,stage2,densenet121,densenet121_proc_subsample,0,,0,False,0.002994558,0.0064765215,0.656513,0.65003645,0.6345077,0.45051;0.36580;0.42823;0.42973;0.39887;0.30322;0.40627;0.32317;0.28071;0.37193;0.38410;0.36060;0.37239;0.35443;0.29048;0.45232;0.27630;0.31289;0.36365;0.44677;0.33819;0.37502;0.30725;0.28160;0.31174;0.39747;0.47768;0.36784;0.37296;0.36263,0.36549228
D:\REGAN-Projek\THESIS\Dataset\Kawahara\release\images\Gal\Gal240.jpg,Gal/Gal240.jpg,KAW_615,Kawahara,3,43,external,stage2,densenet121,densenet121_proc_subsample,0,,0,False,0.002278697,0.007733345,0.45132062,0.44358727,0.832861,0.21125;0.13546;0.13649;0.22850;0.13615;0.31817;0.19837;0.20673;0.25460;0.13626;0.19900;0.14116;0.19590;0.10744;0.23828;0.13963;0.14658;0.15948;0.12075;0.17023;0.15636;0.11358;0.15165;0.14706;0.19163;0.13811;0.09930;0.15241;0.13569;0.14792,0.16713901
D:\REGAN-Projek\THESIS\Dataset\Kawahara\release\images\Gal\Gal039.jpg,Gal/Gal039.jpg,KAW_616,Kawahara,3,43,external,stage2,densenet121,densenet121_proc_subsample,0,,0,False,0.0023666339,0.007850289,0.449956,0.4421057,0.83370906,0.13835;0.35009;0.14524;0.16532;0.14536;0.15870;0.14621;0.17315;0.10595;0.14658;0.12776;0.11798;0.19027;0.18684;0.15140;0.23828;0.10230;0.17853;0.23564;0.21717;0.18403;0.17385;0.12003;0.20024;0.13106;0.13117;0.18907;0.17065;0.14719;0.12034,0.16629095
D:\REGAN-Projek\THESIS\Dataset\Kawahara\release\images\Gal\Gal185.jpg,Gal/Gal185.jpg,KAW_617,Kawahara,3,43,external,stage2,densenet121,densenet121_proc_subsample,0,,0,False,0.0021077206,0.004466653,0.66475147,0.6602848,0.61858726,0.64030;0.56428;0.61028;0.57266;0.64075;0.60183;0.63012;0.59308;0.68626;0.63895;0.64568;0.71213;0.64322;0.62807;0.64266;0.64322;0.58291;0.68215;0.65324;0.61763;0.52520;0.53483;0.51551;0.68742;0.60755;0.58960;0.63567;0.62395;0.61849;0.59001,0.61858726
D:\REGAN-Projek\THESIS\Dataset\Kawahara\release\images\FBL\FBL026.JPG,FBL/FBL026.JPG,KAW_618,Kawahara,3,43,external,stage2,densenet121,densenet121_proc_subsample,0,,0,False,0.0010771522,0.005950451,0.30631733,0.30036688,0.90835935,0.11358;0.06313;0.07766;0.05749;0.14879;0.08850;0.07356;0.14463;0.10052;0.10230;0.08270;0.06360;0.08803;0.05380;0.08571;0.06267;0.10123;0.07107;0.09552;0.08679;0.07237;0.03561;0.13308;0.09451;0.10448;0.08480;0.09138;0.09518;0.06929;0.20721,0.09164063
D:\REGAN-Projek\THESIS\Dataset\Kawahara\release\images\FBL\Fbl028.jpg,FBL/Fbl028.jpg,KAW_619,Kawahara,3,43,external,stage2,densenet121,densenet121_proc_subsample,0,,0,False,0.0008536217,0.0026420057,0.5023438,0.49970177,0.7985952,0.21817;0.16735;0.21767;0.22101;0.19993;0.18374;0.26190;0.21321;0.20721;0.14367;0.19993;0.16185;0.19978;0.21784;0.19683;0.22833;0.18698;0.17483;0.18922;0.17696;0.22781;0.17455;0.20339;0.22936;0.26209;0.25627;0.16749;0.20770;0.18228;0.16479,0.20140478
D:\REGAN-Projek\THESIS\Dataset\Kawahara\release\images\FCL\Fcl022.jpg,FCL/Fcl022.jpg,KAW_620,Kawahara,3,43,external,stage2,densenet121,densenet121_proc_subsample,0,,0,False,0.0015300665,0.004719466,0.49876308,0.49404362,0.8011794,0.15330;0.20530;0.17329;0.18937;0.13742;0.14057;0.24799;0.25516;0.29462;0.15469;0.18892;0.18141;0.21142;0.16211;0.19133;0.19698;0.19513;0.22321;0.20657;0.20181;0.23318;0.15714;0.16013;0.18982;0.28657;0.19087;0.23758;0.20641;0.15948;0.23283,0.1988206
D:\REGAN-Projek\THESIS\Dataset\Kawahara\release\images\FCL\Fcl040.jpg,FCL/Fcl040.jpg,KAW_621,Kawahara,3,43,external,stage2,densenet121,densenet121_proc_subsample,0,,0,False,0.0019424112,0.0058442056,0.5030525,0.49720827,0.79808015,0.15909;0.18862;0.21354;0.15317;0.17781;0.24167;0.17287;0.29676;0.21486;0.19590;0.18862;0.17710;0.24203;0.25983;0.12962;0.13162;0.18550;0.20040;0.17511;0.22101;0.19284;0.17696;0.20705;0.22169;0.20103;0.23388;0.14682;0.18982;0.33764;0.22474,0.20191987
D:\REGAN-Projek\THESIS\Dataset\Kawahara\release\images\FCL\Fcl044.jpg,FCL/Fcl044.jpg,KAW_622,Kawahara,3,43,external,stage2,densenet121,densenet121_proc_subsample,0,,0,False,0.00021955278,0.0037507787,0.12627606,0.12252528,0.97240615,0.02129;0.06267;0.06064;0.02041;0.04877;0.06302;0.01243;0.01603;0.02061;0.04092;0.03216;0.02029;0.01883;0.03010;0.02410;0.02833;0.02233;0.03056;0.03410;0.00610;0.02108;0.04154;0.01566;0.01302;0.01302;0.01792;0.02293;0.02162;0.03321;0.01412,0.027593875
D:\REGAN-Projek\THESIS\Dataset\Kawahara\release\images\FCL\FCL058.JPG,FCL/FCL058.JPG,KAW_623,Kawahara,3,43,external,stage2,densenet121,densenet121_proc_subsample,0,,0,False,0.0006723105,0.0055574626,0.23667236,0.2311149,0.93643266,0.06086;0.13342;0.04460;0.04427;0.02461;0.05252;0.07950;0.08510;0.05470;0.05760;0.07893;0.07878;0.02833;0.07600;0.05360;0.05511;0.05175;0.04664;0.02212;0.05718;0.10613;0.02631;0.09418;0.06954;0.06804;0.05185;0.11536;0.08710;0.05118;0.05175,0.06356732
D:\REGAN-Projek\THESIS\Dataset\Kawahara\release\images\FCL\FCL074.JPG,FCL/FCL074.JPG,KAW_624,Kawahara,3,43,external,stage2,densenet121,densenet121_proc_subsample,0,,0,False,0.0010136248,0.00478673,0.37161356,0.36682683,0.8776336,0.09106;0.12475;0.12065;0.09154;0.09451;0.11798;0.16225;0.11596;0.10800;0.16305;0.18565;0.16982;0.14621;0.11241;0.16749;0.12614;0.10669;0.06477;0.15418;0.12284;0.06904;0.16027;0.10375;0.08240;0.15292;0.14427;0.12284;0.12075;0.09187;0.07696,0.12236642
D:\REGAN-Projek\THESIS\Dataset\Kawahara\release\images\FFL\Ffl080.jpg,FFL/Ffl080.jpg,KAW_625,Kawahara,3,43,external,stage2,densenet121,densenet121_proc_subsample,0,,0,False,0.00030066728,0.003477648,0.16930738,0.16582973,0.9595703,0.03186;0.03378;0.03964;0.03186;0.05965;0.03222;0.06621;0.03514;0.04493;0.05400;0.03575;0.04460;0.04337;0.04345;0.10466;0.05033;0.01855;0.02088;0.02263;0.03132;0.03044;0.05697;0.02289;0.05291;0.02006;0.04115;0.02145;0.02838;0.03942;0.05440,0.0404297
D:\REGAN-Projek\THESIS\Dataset\Kawahara\release\images\FDL\Fdl014.jpg,FDL/Fdl014.jpg,KAW_626,Kawahara,3,43,external,stage2,densenet121,densenet121_proc_subsample,0,,0,False,0.0020255807,0.0040730834,0.692524,0.68845093,0.5176501,0.49909;0.56512;0.44574;0.37193;0.49032;0.44484;0.44182;0.53683;0.56019;0.46445;0.48665;0.45426;0.54725;0.46332;0.47618;0.44466;0.48825;0.54429;0.51093;0.49765;0.52607;0.45175;0.47763;0.41876;0.51536;0.40952;0.49328;0.44155;0.50698;0.49583,0.48234984
D:\REGAN-Projek\THESIS\Dataset\Kawahara\release\images\FDL\FDL036.JPG,FDL/FDL036.JPG,KAW_627,Kawahara,3,43,external,stage2,densenet121,densenet121_proc_subsample,0,,0,False,0.0013684442,0.002752304,0.69017655,0.68742424,0.53852075,0.58190;0.56488;0.57589;0.57660;0.52733;0.54804;0.53920;0.52869;0.55782;0.55745;0.51702;0.56332;0.51420;0.43152;0.58688;0.51568;0.54861;0.53303;0.52945;0.55154;0.45211;0.47057;0.52897;0.59043;0.54314;0.51649;0.58101;0.56185;0.54495;0.51707,0.53852075
D:\REGAN-Projek\THESIS\Dataset\Kawahara\release\images\Gcl\Gcl003.jpg,Gcl/Gcl003.jpg,KAW_628,Kawahara,3,43,external,stage2,densenet121,densenet121_proc_subsample,0,,0,False,0.009406198,0.019205451,0.68929625,0.6700908,0.54385185,0.50163;0.59608;0.51288;0.55236;0.46114;0.46366;0.61924;0.38839;0.62223;0.44499;0.47536;0.46682;0.43260;0.41490;0.48075;0.31049;0.57714;0.33026;0.28897;0.30902;0.32756;0.35109;0.55299;0.39042;0.57260;0.58160;0.44128;0.42823;0.34312;0.44665,0.45614815
D:\REGAN-Projek\THESIS\Dataset\Kawahara\release\images\Gdl\Gdl037.jpg,Gdl/Gdl037.jpg,KAW_629,Kawahara,3,43,external,stage2,densenet121,densenet121_proc_subsample,0,,0,False,0.0034682942,0.0069795847,0.69303656,0.686057,0.5074357,0.43428;0.48104;0.53853;0.59037;0.48362;0.52126;0.36977;0.45744;0.48789;0.37823;0.48424;0.54680;0.53865;0.46779;0.47139;0.51608;0.42125;0.52429;0.59590;0.46275;0.53616;0.57475;0.52488;0.44426;0.60282;0.43860;0.46378;0.41721;0.48809;0.51480,0.49256435
D:\REGAN-Projek\THESIS\Dataset\Kawahara\release\images\Ggl\Ggl036.jpg,Ggl/Ggl036.jpg,KAW_630,Kawahara,3,43,external,stage2,densenet121,densenet121_proc_subsample,0,,0,False,0.00475246,0.011477411,0.602388,0.5909106,0.70973593,0.35187;0.25405;0.33819;0.26133;0.47031;0.23441;0.31080;0.34411;0.30840;0.34038;0.25479;0.29951;0.17231;0.24274;0.18982;0.28707;0.16627;0.38180;0.25777;0.26436;0.27659;0.35365;0.27523;0.32627;0.44478;0.27630;0.22440;0.24872;0.23546;0.31626,0.29026407
D:\REGAN-Projek\THESIS\Dataset\Kawahara\release\images\Ggl\Ggl068.jpg,Ggl/Ggl068.jpg,KAW_631,Kawahara,3,43,external,stage2,densenet121,densenet121_proc_subsample,0,,0,False,0.0019006032,0.0040821433,0.6634097,0.65932757,0.6213292,0.64064;0.55613;0.57135;0.61063;0.58540;0.67715;0.60854;0.65567;0.60743;0.60253;0.59396;0.61051;0.70487;0.64802;0.60475;0.63432;0.64691;0.54398;0.62452;0.57135;0.57451;0.63748;0.65984;0.65995;0.60923;0.63034;0.72047;0.57213;0.69709;0.58017,0.6213292
D:\REGAN-Projek\THESIS\Dataset\Kawahara\release\images\Fll\Fll085.jpg,Fll/Fll085.jpg,KAW_632,Kawahara,3,43,external,stage2,densenet121,densenet121_proc_subsample,0,,0,False,0.0017169153,0.004294038,0.587793,0.58349895,0.7253873,0.32821;0.27154;0.26664;0.24527;0.34942;0.24563;0.24617;0.26664;0.24744;0.31774;0.23283;0.25945;0.21125;0.28190;0.30955;0.23828;0.29270;0.24077;0.36218;0.34533;0.29290;0.20197;0.32907;0.26703;0.29727;0.27000;0.28448;0.23599;0.21077;0.28997,0.27461272
D:\REGAN-Projek\THESIS\Dataset\Kawahara\release\images\Fgl\Fgl018.jpg,Fgl/Fgl018.jpg,KAW_633,Kawahara,3,43,external,stage2,densenet121,densenet121_proc_subsample,0,,0,False,0.00076114916,0.0029583871,0.42955688,0.4265985,0.84601665,0.17910;0.20387;0.16278;0.18389;0.12571;0.15078;0.18228;0.12065;0.19683;0.12034;0.09705;0.15610;0.16291;0.15662;0.17343;0.20134;0.13835;0.13719;0.15342;0.14069;0.14658;0.17092;0.18997;0.17399;0.11676;0.10706;0.15178;0.14128;0.13017;0.14768,0.15398338
D:\REGAN-Projek\THESIS\Dataset\Kawahara\release\images\Fgl\Fgl029.jpg,Fgl/Fgl029.jpg,KAW_634,Kawahara,3,43,external,stage2,densenet121,densenet121_proc_subsample,0,,0,False,0.0045348266,0.009232402,0.6846063,0.6753739,0.5652554,0.57886;0.61109;0.57439;0.37388;0.57051;0.64221;0.64501;0.55471;0.65776;0.56140;0.65534;0.57571;0.55275;0.63534;0.56955;0.57827;0.63872;0.57469;0.51652;0.51868;0.56518;0.48219;0.44221;0.42602;0.63137;0.51541;0.57642;0.54752;0.62681;0.55914,0.5652554
D:\REGAN-Projek\THESIS\Dataset\Kawahara\release\images\Fgl\Fgl057.jpg,Fgl/Fgl057.jpg,KAW_635,Kawahara,3,43,external,stage2,densenet121,densenet121_proc_subsample,0,,0,False,0.0036793423,0.007620871,0.68280596,0.6751851,0.57178277,0.62016;0.64187;0.66856;0.53901;0.56070;0.62217;0.59231;0.57672;0.71433;0.53917;0.58617;0.51990;0.59090;0.53656;0.49613;0.48118;0.47218;0.58729;0.59479;0.52721;0.56913;0.54444;0.56025;0.46272;0.61405;0.57051;0.51256;0.70771;0.55616;0.58865,0.57178277
D:\REGAN-Projek\THESIS\Dataset\Kawahara\release\images\Fil\Fil004.jpg,Fil/Fil004.jpg,KAW_636,Kawahara,3,43,external,stage2,densenet121,densenet121_proc_subsample,0,,0,False,0.0015323453,0.006787926,0.3766548,0.36986688,0.8750593,0.14560;0.13398;0.09041;0.08240;0.08679;0.17455;0.10932;0.12368;0.10429;0.07950;0.12603;0.13296;0.14609;0.11757;0.12358;0.16425;0.24981;0.12984;0.12358;0.14512;0.06792;0.07159;0.07627;0.19118;0.14879;0.07120;0.12603;0.11047;0.14034;0.15508,0.124940716
D:\REGAN-Projek\THESIS\Dataset\Kawahara\release\images\Fll\Fll122.jpg,Fll/Fll122.jpg,KAW_637,Kawahara,3,43,external,stage2,densenet121,densenet121_proc_subsample,0,,0,False,0.002937083,0.0058999658,0.69300324,0.6871033,0.50848305,0.44695;0.50359;0.53768;0.44426;0.57714;0.53598;0.43797;0.50479;0.54132;0.53917;0.48925;0.54050;0.55206;0.59773;0.47224;0.48577;0.50077;0.52235;0.52955;0.41265;0.52328;0.44797;0.60358;0.59461;0.42847;0.55142;0.46782;0.40251;0.50559;0.55751,0.50848305
D:\REGAN-Projek\THESIS\Dataset\Kawahara\release\images\Fil\Fil052.jpg,Fil/Fil052.jpg,KAW_638,Kawahara,3,43,external,stage2,densenet121,densenet121_proc_subsample,0,,0,False,0.0022786423,0.009518564,0.39534342,0.38582486,0.86523604,0.10632;0.11576;0.18684;0.14536;0.12874;0.10177;0.12432;0.07808;0.10266;0.07504;0.09236;0.08835;0.24185;0.20166;0.19606;0.15546;0.24149;0.06633;0.16941;0.16371;0.07094;0.12614;0.20024;0.12733;0.13084;0.11319;0.11798;0.11697;0.17065;0.08710,0.13476393
D:\REGAN-Projek\THESIS\Dataset\Kawahara\release\images\Fil\Fil070.jpg,Fil/Fil070.jpg,KAW_639,Kawahara,3,43,external,stage2,densenet121,densenet121_proc_subsample,0,,0,False,0.0016209278,0.005080521,0.501454,0.49637347,0.7992402,0.24671;0.20355;0.21469;0.22747;0.17526;0.24981;0.21767;0.25128;0.15431;0.27835;0.16331;0.18054;0.16238;0.24400;0.19072;0.12635;0.17217;0.16225;0.24185;0.16546;0.23283;0.15636;0.18155;0.15304;0.26626;0.19360;0.22525;0.14116;0.20754;0.23705,0.20075983
D:\REGAN-Projek\THESIS\Dataset\Kawahara\release\images\New\newl053.jpg,New/newl053.jpg,KAW_640,Kawahara,3,43,external,stage2,densenet121,densenet121_proc_subsample,0,,0,False,0.001157705,0.0038359165,0.4704078,0.4665719,0.8206491,0.22816;0.20276;0.11757;0.17175;0.20609;0.14211;0.18097;0.22902;0.17357;0.13409;0.14829;0.20450;0.16452;0.15508;0.23740;0.15935;0.18462;0.19884;0.16079;0.17582;0.15727;0.17724;0.18272;0.17037;0.19652;0.18068;0.13184;0.17175;0.15482;0.28200,0.17935091
D:\REGAN-Projek\THESIS\Dataset\Kawahara\release\images\NAL\Nal005.jpg,NAL/Nal005.jpg,KAW_641,Kawahara,3,43,external,stage2,densenet121,densenet121_proc_subsample,1,0,1,False,0.0018965612,0.00406307,0.66364455,0.6595815,0.6208539,0.41218;0.42859;0.36083;0.42596;0.40515;0.39205;0.32627;0.35824;0.36365;0.33884;0.41425;0.37228;0.40404;0.29900;0.36387;0.31185;0.45054;0.39082;0.29635;0.42495;0.36387;0.39665;0.40457;0.33895;0.44243;0.40339;0.38341;0.35555;0.30373;0.44212,0.37914607
D:\REGAN-Projek\THESIS\Dataset\Kawahara\release\images\NAL\Nal018.jpg,NAL/Nal018.jpg,KAW_642,Kawahara,3,43,external,stage2,densenet121,densenet121_proc_subsample,1,0,1,False,0.00027589512,0.0032481253,0.15860233,0.1553542,0.9629041,0.96628;0.95744;0.97205;0.95696;0.96820;0.94459;0.97018;0.97539;0.96175;0.97883;0.97567;0.96351;0.96622;0.97590;0.96622;0.90862;0.97129;0.95345;0.97429;0.97058;0.94122;0.95293;0.97013;0.97525;0.97788;0.91460;0.96246;0.97304;0.96518;0.97702,0.9629041
D:\REGAN-Projek\THESIS\Dataset\Kawahara\release\images\NAL\Nal025.jpg,NAL/Nal025.jpg,KAW_643,Kawahara,3,43,external,stage2,densenet121,densenet121_proc_subsample,1,0,1,False,0.0003180111,0.0033628047,0.17676471,0.1734019,0.95719296,0.97074;0.97140;0.96051;0.90582;0.98091;0.95177;0.96302;0.97205;0.94709;0.94670;0.95663;0.90175;0.92617;0.96439;0.96558;0.96698;0.97515;0.96232;0.94967;0.95336;0.96778;0.95815;0.96590;0.97215;0.96616;0.96124;0.95041;0.96704;0.96518;0.94976,0.95719296
D:\REGAN-Projek\THESIS\Dataset\Kawahara\release\images\NAL\Nal033.jpg,NAL/Nal033.jpg,KAW_644,Kawahara,3,43,external,stage2,densenet121,densenet121_proc_subsample,1,0,1,False,0.0013224707,0.003973305,0.51790017,0.51392686,0.7870033,0.20260;0.24581;0.25368;0.26894;0.25275;0.24203;0.26322;0.21817;0.14916;0.25460;0.27396;0.16927;0.21174;0.23564;0.15228;0.17469;0.17582;0.21684;0.17092;0.16492;0.18155;0.18758;0.19837;0.21453;0.18374;0.20673;0.25036;0.20818;0.25683;0.20498,0.21299675
D:\REGAN-Projek\THESIS\Dataset\Kawahara\release\images\NAL\Nal035.jpg,NAL/Nal035.jpg,KAW_645,Kawahara,3,43,external,stage2,densenet121,densenet121_proc_subsample,1,0,1,False,0.00092407485,0.0021707416,0.62138486,0.6192141,0.6871211,0.33350;0.28309;0.37308;0.34136;0.30332;0.33036;0.34588;0.30064;0.32864;0.30996;0.32767;0.27973;0.30239;0.32702;0.33015;0.23092;0.36772;0.32552;0.31542;0.28378;0.34842;0.28537;0.34191;0.30549;0.26569;0.31955;0.28557;0.28338;0.32125;0.28957,0.3128789
D:\REGAN-Projek\THESIS\Dataset\Kawahara\release\images\NAL\Nal049.jpg,NAL/Nal049.jpg,KAW_646,Kawahara,3,43,external,stage2,densenet121,densenet121_proc_subsample,1,0,1,False,0.0038888908,0.008286834,0.6527971,0.64451027,0.64107513,0.33144;0.34202;0.32317;0.30270;0.37571;0.32327;0.33307;0.30559;0.43027;0.32552;0.38850;0.34400;0.41804;0.27973;0.52115;0.47606;0.30508;0.35813;0.34876;0.30146;0.28517;0.33415;0.43356;0.32498;0.33611;0.32018;0.32391;0.51957;0.38642;0.37000,0.35892487
D:\REGAN-Projek\THESIS\Dataset\Kawahara\release\images\NAL\Nal057.jpg,NAL/Nal057.jpg,KAW_647,Kawahara,3,43,external,stage2,densenet121,densenet121_proc_subsample,1,0,1,False,0.0022218605,0.0050866604,0.6293085,0.62422186,0.6767317,0.37079;0.34147;0.29300;0.30861;0.33361;0.28757;0.41656;0.25128;0.38503;0.30136;0.30177;0.30497;0.32071;0.32928;0.39082;0.25073;0.37262;0.27116;0.30342;0.24024;0.34610;0.40563;0.31553;0.33677;0.33004;0.25945;0.37594;0.37754;0.27387;0.30219,0.32326832
D:\REGAN-Projek\THESIS\Dataset\Kawahara\release\images\NAL\Nal058.jpg,NAL/Nal058.jpg,KAW_648,Kawahara,3,43,external,stage2,densenet121,densenet121_proc_subsample,1,0,1,False,0.0030048937,0.0063836575,0.66796905,0.6615854,0.6117276,0.33611;0.35712;0.41164;0.34224;0.39864;0.44701;0.41365;0.38885;0.47084;0.38301;0.39852;0.42531;0.39981;0.36026;0.33502;0.44719;0.30497;0.29951;0.41437;0.42149;0.49791;0.34027;0.35321;0.47011;0.41472;0.31049;0.27019;0.36875;0.43716;0.42979,0.38827237
D:\REGAN-Projek\THESIS\Dataset\Kawahara\release\images\NAL\Nal064.jpg,NAL/Nal064.jpg,KAW_649,Kawahara,3,43,external,stage2,densenet121,densenet121_proc_subsample,1,0,1,False,0.0014032103,0.0029671788,0.66884327,0.6658761,0.6097869,0.60830;0.55742;0.64153;0.60958;0.61959;0.59455;0.63341;0.71303;0.63805;0.59890;0.62955;0.60562;0.60411;0.62475;0.58184;0.55064;0.62062;0.64657;0.66985;0.63307;0.55899;0.62257;0.63352;0.54985;0.53264;0.59837;0.61132;0.57422;0.59320;0.63793,0.6097869
D:\REGAN-Projek\THESIS\Dataset\Kawahara\release\images\NAL\Nal070.jpg,NAL/Nal070.jpg,KAW_650,Kawahara,3,43,external,stage2,densenet121,densenet121_proc_subsample,1,0,1,False,0.0019831643,0.004591942,0.6251573,0.62056535,0.682256,0.25534;0.28358;0.37639;0.37616;0.29280;0.24945;0.31164;0.31206;0.33361;0.37182;0.31059;0.30518;0.36818;0.28319;0.38885;0.26856;0.38520;0.29604;0.34224;0.34038;0.33895;0.24671;0.34909;0.33611;0.38064;0.34964;0.25202;0.28567;0.27280;0.26942,0.31774405
D:\REGAN-Projek\THESIS\Dataset\Kawahara\release\images\NAL\Nal086.jpg,NAL/Nal086.jpg,KAW_651,Kawahara,3,43,external,stage2,densenet121,densenet121_proc_subsample,1,0,1,False,0.00087375595,0.004427135,0.3509241,0.34649697,0.8878804,0.10706;0.05603;0.10088;0.13916;0.13478;0.10321;0.12054;0.10017;0.08449;0.13869;0.13638;0.11124;0.16145;0.08648;0.09688;0.11417;0.14463;0.09302;0.16519;0.09860;0.11496;0.09220;0.17245;0.05867;0.11358;0.10248;0.10141;0.06730;0.09074;0.15675,0.11211964
D:\REGAN-Projek\THESIS\Dataset\Kawahara\release\images\NAL\Nal091.jpg,NAL/Nal091.jpg,KAW_652,Kawahara,3,43,external,stage2,densenet121,densenet121_proc_subsample,1,0,1,False,0.0012233601,0.0036052465,0.52360237,0.5199971,0.7825962,0.83642;0.78613;0.83278;0.78266;0.74373;0.72990;0.85391;0.74835;0.72516;0.70151;0.76524;0.74466;0.75128;0.78923;0.76101;0.78793;0.79327;0.78050;0.81212;0.80716;0.81509;0.79693;0.75419;0.83155;0.79882;0.79502;0.77611;0.78266;0.77932;0.81523,0.7825962
D:\REGAN-Projek\THESIS\Dataset\Kawahara\release\images\NAL\nal095.jpg,NAL/nal095.jpg,KAW_653,Kawahara,3,43,external,stage2,densenet121,densenet121_proc_subsample,1,0,1,False,0.003029653,0.008563757,0.5465314,0.5379676,0.7639096,0.68899;0.82018;0.79343;0.76752;0.73106;0.81670;0.81772;0.81420;0.74817;0.77219;0.69936;0.72594;0.65036;0.81316;0.73297;0.75994;0.84620;0.74242;0.66530;0.67833;0.80973;0.83602;0.73221;0.75600;0.88953;0.78988;0.75147;0.74298;0.75958;0.76577,0.7639096
D:\REGAN-Projek\THESIS\Dataset\Kawahara\release\images\NAL\Nal097.jpg,NAL/Nal097.jpg,KAW_654,Kawahara,3,43,external,stage2,densenet121,densenet121_proc_subsample,1,0,1,False,0.0017548092,0.008543223,0.35624138,0.34769815,0.8852946,0.07396;0.16411;0.12571;0.15317;0.07724;0.09860;0.12831;0.11596;0.08255;0.08329;0.05603;0.13117;0.15830;0.06267;0.11163;0.20915;0.14199;0.09485;0.08181;0.15804;0.10017;0.06879;0.15896;0.06979;0.07780;0.19254;0.17896;0.05655;0.09877;0.13029,0.1147054
D:\REGAN-Projek\THESIS\Dataset\Kawahara\release\images\NBL\Nbl004.jpg,NBL/Nbl004.jpg,KAW_655,Kawahara,3,43,external,stage2,densenet121,densenet121_proc_subsample,1,0,1,False,0.0006558585,0.003181547,0.35812747,0.35494593,0.8843696,0.13580;0.09138;0.08772;0.08882;0.13489;0.10706;0.16600;0.08741;0.08930;0.09895;0.13661;0.15128;0.11879;0.17065;0.09025;0.12885;0.08050;0.08359;0.11105;0.12809;0.12776;0.08167;0.12571;0.10838;0.12003;0.08525;0.11496;0.15178;0.12582;0.14057,0.11563039
D:\REGAN-Projek\THESIS\Dataset\Kawahara\release\images\NBL\Nbl006.jpg,NBL/Nbl006.jpg,KAW_656,Kawahara,3,43,external,stage2,densenet121,densenet121_proc_subsample,1,0,1,False,0.002329194,0.007904232,0.47374034,0.4658361,0.81844693,0.19208;0.13387;0.12549;0.19103;0.15817;0.16345;0.12539;0.26952;0.17681;0.17175;0.19667;0.17120;0.11576;0.24671;0.25018;0.21436;0.28091;0.13998;0.20850;0.17051;0.22627;0.16668;0.11378;0.24095;0.21305;0.14658;0.22971;0.17795;0.08835;0.14093,0.18155305
D:\REGAN-Projek\THESIS\Dataset\Kawahara\release\images\NBL\Nbl017.jpg,NBL/Nbl017.jpg,KAW_657,Kawahara,3,43,external,stage2,densenet121,densenet121_proc_subsample,1,0,1,False,0.001954197,0.0040974617,0.6741471,0.67004967,0.5971581,0.34191;0.36195;0.41383;0.37571;0.41401;0.37708;0.41259;0.32135;0.46472;0.40181;0.37262;0.42543;0.31976;0.30508;0.41650;0.35477;0.42078;0.48325;0.44270;0.39315;0.39618;0.40533;0.41591;0.41775;0.48263;0.43296;0.40286;0.44634;0.41401;0.45229,0.40284196
D:\REGAN-Projek\THESIS\Dataset\Kawahara\release\images\NBL\Nbl019.jpg,NBL/Nbl019.jpg,KAW_658,Kawahara,3,43,external,stage2,densenet121,densenet121_proc_subsample,1,0,1,False,0.00089531206,0.0019185543,0.6595905,0.6576719,0.62880147,0.58558;0.59473;0.64646;0.66747;0.62909;0.64097;0.66758;0.59649;0.66476;0.64936;0.61364;0.62886;0.64657;0.68162;0.63838;0.61016;0.58243;0.59602;0.64254;0.64322;0.59802;0.60586;0.57177;0.60019;0.66704;0.66715;0.64624;0.65754;0.60702;0.61728,0.62880147
D:\REGAN-Projek\THESIS\Dataset\Kawahara\release\images\NBL\Nbl028.jpg,NBL/Nbl028.jpg,KAW_659,Kawahara,3,43,external,stage2,densenet121,densenet121_proc_subsample,1,0,1,False,0.00034352407,0.003559038,0.19683893,0.19327989,0.95056814,0.06525;0.08586;0.06904;0.03588;0.06020;0.02926;0.04646;0.03027;0.04886;0.03044;0.02743;0.05813;0.04193;0.02954;0.07780;0.02369;0.02915;0.03475;0.05311;0.03378;0.09074;0.05440;0.06866;0.06645;0.04569;0.03971;0.07794;0.03719;0.04085;0.05052,0.049431834
D:\REGAN-Projek\THESIS\Dataset\Kawahara\release\images\NBL\Nbl030.jpg,NBL/Nbl030.jpg,KAW_660,Kawahara,3,43,external,stage2,densenet121,densenet121_proc_subsample,1,0,1,False,0.0013835409,0.0037760735,0.54860663,0.54483056,0.76213485,0.74242;0.78250;0.73355;0.70751;0.73678;0.73412;0.78531;0.81655;0.81494;0.76629;0.74521;0.77133;0.78432;0.74317;0.74335;0.72623;0.81787;0.75510;0.79661;0.74261;0.76908;0.66747;0.79407;0.76769;0.79230;0.78100;0.82147;0.76612;0.68162;0.77747,0.76213485
D:\REGAN-Projek\THESIS\Dataset\Kawahara\release\images\NBL\Nbl034.jpg,NBL/Nbl034.jpg,KAW_661,Kawahara,3,43,external,stage2,densenet121,densenet121_proc_subsample,1,0,1,False,0.0017666053,0.0055744946,0.48039898,0.4748245,0.8139808,0.83087;0.69139;0.85513;0.83278;0.72894;0.77407;0.83210;0.83682;0.81479;0.81078;0.83265;0.85171;0.77713;0.79262;0.87557;0.82018;0.83722;0.79246;0.86072;0.85919;0.82418;0.78988;0.80209;0.84091;0.74854;0.84078;0.83749;0.83868;0.84415;0.74558,0.8139808
D:\REGAN-Projek\THESIS\Dataset\Kawahara\release\images\NFL\Nfl063.jpg,NFL/Nfl063.jpg,KAW_662,Kawahara,3,43,external,stage2,densenet121,densenet121_proc_subsample,1,0,1,False,0.00062667986,0.0041484535,0.26288784,0.25873938,0.92638624,0.05943;0.10595;0.07198;0.15140;0.04009;0.05835;0.07043;0.06360;0.06267;0.05603;0.05634;0.06596;0.09368;0.09041;0.07356;0.08977;0.04743;0.14104;0.06383;0.06407;0.06302;0.04913;0.10321;0.07893;0.07146;0.04320;0.07822;0.06256;0.05976;0.07290,0.07361373
D:\REGAN-Projek\THESIS\Dataset\Kawahara\release\images\NFL\nfl070.jpg,NFL/nfl070.jpg,KAW_663,Kawahara,3,43,external,stage2,densenet121,densenet121_proc_subsample,1,0,1,False,0.00033866876,0.003620088,0.19385782,0.19023773,0.95157284,0.09138;0.04001;0.03733;0.05330;0.07056;0.03847;0.03986;0.02948;0.02133;0.03253;0.05910;0.01964;0.05718;0.06176;0.03315;0.04552;0.04288;0.06233;0.04288;0.03561;0.03934;0.05440;0.01880;0.09285;0.05490;0.04394;0.05921;0.06154;0.03712;0.07641,0.04842717
D:\REGAN-Projek\THESIS\Dataset\Kawahara\release\images\NFL\nfl072.jpg,NFL/nfl072.jpg,KAW_664,Kawahara,3,43,external,stage2,densenet121,densenet121_proc_subsample,1,0,1,False,0.0036784024,0.010032237,0.55709076,0.5470585,0.7547194,0.28767;0.24708;0.20466;0.28807;0.17469;0.34027;0.30673;0.33808;0.16790;0.25294;0.23266;0.20963;0.23353;0.26474;0.29159;0.14682;0.25146;0.26152;0.34433;0.15266;0.18654;0.15883;0.21984;0.34687;0.17667;0.28012;0.27348;0.32681;0.20181;0.19042,0.24528064
D:\REGAN-Projek\THESIS\Dataset\Kawahara\release\images\NGL\Ngl008.jpg,NGL/Ngl008.jpg,KAW_665,Kawahara,3,43,external,stage2,densenet121,densenet121_proc_subsample,1,0,1,False,0.00094470923,0.005454004,0.30521795,0.29976395,0.90883803,0.04725;0.09654;0.04138;0.06383;0.06302;0.09756;0.19406;0.06442;0.06645;0.09773;0.13695;0.07627;0.12464;0.05987;0.06645;0.10141;0.11009;0.10159;0.05593;0.06816;0.10070;0.11879;0.07752;0.08945;0.11319;0.09418;0.07822;0.11124;0.09773;0.12023,0.09116196
D:\REGAN-Projek\THESIS\Dataset\Kawahara\release\images\NGL\Ngl013.jpg,NGL/Ngl013.jpg,KAW_666,Kawahara,3,43,external,stage2,densenet121,densenet121_proc_subsample,1,0,1,False,0.00032289978,0.0046998113,0.13462417,0.12992436,0.97003394,0.02557;0.01090;0.01603;0.02153;0.03949;0.04092;0.00848;0.01542;0.01445;0.01542;0.05360;0.01894;0.01724;0.02320;0.04217;0.03265;0.04418;0.01615;0.02320;0.04138;0.04959;0.02203;0.04085;0.10106;0.03321;0.01327;0.04024;0.02827;0.02178;0.02774,0.029966064
D:\REGAN-Projek\THESIS\Dataset\Kawahara\release\images\NGL\Ngl017.jpg,NGL/Ngl017.jpg,KAW_667,Kawahara,3,43,external,stage2,densenet121,densenet121_proc_subsample,1,0,1,False,0.0016816945,0.0072950423,0.37870908,0.37141404,0.87400126,0.83319;0.90731;0.88464;0.86339;0.91789;0.92995;0.90035;0.90140;0.84530;0.88740;0.93033;0.91150;0.89661;0.82727;0.91745;0.90431;0.89497;0.86385;0.89048;0.89442;0.86374;0.83589;0.83655;0.90227;0.89534;0.86658;0.76436;0.79279;0.86119;0.79929,0.87400126
D:\REGAN-Projek\THESIS\Dataset\Kawahara\release\images\NGL\Ngl019.jpg,NGL/Ngl019.jpg,KAW_668,Kawahara,3,43,external,stage2,densenet121,densenet121_proc_subsample,1,0,1,False,0.002365558,0.0050962567,0.6622071,0.65711087,0.6237328,0.59219;0.56209;0.57463;0.69544;0.65058;0.59861;0.72497;0.56943;0.59314;0.61272;0.59814;0.64288;0.61277;0.60562;0.62464;0.63579;0.58658;0.70436;0.56572;0.66487;0.64400;0.63466;0.67437;0.55369;0.54392;0.59237;0.69243;0.59790;0.70396;0.65951,0.6237328
D:\REGAN-Projek\THESIS\Dataset\Kawahara\release\images\NGL\Ngl021.jpg,NGL/Ngl021.jpg,KAW_669,Kawahara,3,43,external,stage2,densenet121,densenet121_proc_subsample,1,0,1,False,0.0022690592,0.004597366,0.688958,0.6843606,0.5457347,0.51600;0.52666;0.59496;0.50550;0.65324;0.60072;0.50867;0.58901;0.53953;0.53282;0.51734;0.62326;0.59308;0.52636;0.54795;0.52799;0.53756;0.55887;0.58029;0.52104;0.60399;0.45702;0.54650;0.55450;0.50775;0.55311;0.53665;0.49529;0.59384;0.42256,0.5457347
D:\REGAN-Projek\THESIS\Dataset\Kawahara\release\images\NGL\Ngl027.jpg,NGL/Ngl027.jpg,KAW_670,Kawahara,3,43,external,stage2,densenet121,densenet121_proc_subsample,1,0,1,False,0.0005362004,0.0037958622,0.26413712,0.26034126,0.92589223,0.08571;0.12507;0.04304;0.05613;0.07185;0.12475;0.09384;0.07094;0.06325;0.08602;0.05867;0.05137;0.09485;0.06804;0.05410;0.10375;0.07586;0.05501;0.08803;0.07005;0.04468;0.10669;0.06075;0.11163;0.04024;0.07198;0.04638;0.06199;0.07738;0.06120,0.07410775
D:\REGAN-Projek\THESIS\Dataset\Kawahara\release\images\NGL\Ngl039.jpg,NGL/Ngl039.jpg,KAW_671,Kawahara,3,43,external,stage2,densenet121,densenet121_proc_subsample,1,0,1,False,0.0018436128,0.004409969,0.6098167,0.6054067,0.70123214,0.73791;0.66953;0.60987;0.67790;0.64624;0.77577;0.70862;0.72086;0.71761;0.65467;0.69689;0.77184;0.77305;0.66334;0.69833;0.73469;0.68405;0.66203;0.67212;0.73999;0.73240;0.68173;0.71542;0.64858;0.62326;0.73583;0.68363;0.72681;0.71997;0.75401,0.70123214
D:\REGAN-Projek\THESIS\Dataset\Kawahara\release\images\NGL\Ngl055.jpg,NGL/Ngl055.jpg,KAW_672,Kawahara,3,43,external,stage2,densenet121,densenet121_proc_subsample,1,0,1,False,0.004393323,0.008917153,0.69211566,0.6831985,0.52270645,0.53328;0.70992;0.60206;0.49718;0.54680;0.53464;0.46141;0.58124;0.56836;0.41448;0.49717;0.51369;0.49723;0.57338;0.52567;0.44565;0.43674;0.44972;0.61109;0.47705;0.52981;0.52283;0.51605;0.58279;0.47763;0.44574;0.58611;0.44261;0.47347;0.62738,0.52270645
D:\REGAN-Projek\THESIS\Dataset\Kawahara\release\images\NGL\Ngl064.jpg,NGL/Ngl064.jpg,KAW_673,Kawahara,3,43,external,stage2,densenet121,densenet121_proc_subsample,1,0,1,False,0.0027448044,0.0061038136,0.63965154,0.6335477,0.66207206,0.32552;0.27116;0.33361;0.33470;0.45154;0.44785;0.37285;0.31122;0.31069;0.36909;0.35533;0.35042;0.31616;0.36523;0.30570;0.30622;0.28249;0.26020;0.31700;0.37182;0.34610;0.45066;0.27679;0.38024;0.31965;0.39333;0.32114;0.24077;0.28717;0.36320,0.33792794
D:\REGAN-Projek\THESIS\Dataset\Kawahara\release\images\NGL\Ngl100.jpg,NGL/Ngl100.jpg,KAW_674,Kawahara,3,43,external,stage2,densenet121,densenet121_proc_subsample,1,0,1,False,0.0011929496,0.005040735,0.39497614,0.3899354,0.8654335,0.13263;0.15178;0.08285;0.22867;0.19163;0.20546;0.13742;0.12853;0.12722;0.09302;0.09825;0.15546;0.09106;0.09368;0.14247;0.14223;0.17399;0.15178;0.14379;0.12411;0.11397;0.11900;0.07518;0.13626;0.13342;0.14487;0.15469;0.13251;0.09401;0.13707,0.1345665
D:\REGAN-Projek\THESIS\Dataset\Kawahara\release\images\NIL\Nil066.jpg,NIL/Nil066.jpg,KAW_675,Kawahara,3,43,external,stage2,densenet121,densenet121_proc_subsample,1,0,1,False,0.0028855877,0.008988947,0.48245254,0.4734636,0.81258523,0.76242;0.83762;0.83414;0.80286;0.86681;0.81168;0.85171;0.79359;0.84835;0.83224;0.85010;0.85010;0.87748;0.80502;0.70018;0.85990;0.88701;0.78858;0.75055;0.75726;0.79182;0.78083;0.85884;0.83642;0.65268;0.82205;0.85609;0.84157;0.72438;0.84530,0.81258523
D:\REGAN-Projek\THESIS\Dataset\Kawahara\release\images\NIL\Nil070.jpg,NIL/Nil070.jpg,KAW_676,Kawahara,3,43,external,stage2,densenet121,densenet121_proc_subsample,1,0,1,False,0.0010888823,0.0041825175,0.43099153,0.426809,0.84517294,0.16291;0.12127;0.18068;0.12148;0.13615;0.15753;0.11576;0.13398;0.11636;0.17838;0.16079;0.19606;0.15444;0.16886;0.21750;0.11047;0.14719;0.14104;0.09335;0.16225;0.12842;0.19239;0.11009;0.16305;0.16968;0.20466;0.12263;0.16546;0.19698;0.21502,0.15482706
D:\REGAN-Projek\THESIS\Dataset\Kawahara\release\images\NIL\Nil076.jpg,NIL/Nil076.jpg,KAW_677,Kawahara,3,43,external,stage2,densenet121,densenet121_proc_subsample,1,0,1,False,0.00043391864,0.0039416254,0.21625602,0.2123144,0.9438443,0.06730;0.05194;0.08819;0.10035;0.03636;0.06792;0.06596;0.04402;0.06290;0.09739;0.03761;0.03541;0.04868;0.04001;0.04805;0.04535;0.02254;0.10159;0.05987;0.05071;0.06325;0.03259;0.03861;0.04296;0.05005;0.06866;0.06337;0.03663;0.03429;0.08211,0.05615568
D:\REGAN-Projek\THESIS\Dataset\Kawahara\release\images\NIL\Nil078.jpg,NIL/Nil078.jpg,KAW_678,Kawahara,3,43,external,stage2,densenet121,densenet121_proc_subsample,1,0,1,False,0.0028360493,0.0059634447,0.6677896,0.66182613,0.6121217,0.45699;0.38451;0.35109;0.31049;0.47279;0.52875;0.40104;0.33155;0.34566;0.35432;0.44565;0.46220;0.38850;0.36376;0.28697;0.42632;0.34301;0.38543;0.39222;0.33080;0.38266;0.37616;0.32853;0.40445;0.40222;0.40486;0.45641;0.36365;0.41828;0.33709,0.38787827
D:\REGAN-Projek\THESIS\Dataset\Kawahara\release\images\NIL\Nil088.jpg,NIL/Nil088.jpg,KAW_679,Kawahara,3,43,external,stage2,densenet121,densenet121_proc_subsample,1,0,1,False,0.0012548516,0.007830024,0.2823309,0.27450088,0.9185358,0.94303;0.92345;0.86971;0.95482;0.94282;0.81538;0.88121;0.95078;0.89010;0.89983;0.87642;0.93801;0.93440;0.92577;0.92414;0.94510;0.94366;0.87397;0.95752;0.89734;0.86177;0.95204;0.94079;0.87706;0.94469;0.94112;0.96239;0.94282;0.90862;0.93733,0.9185358
D:\REGAN-Projek\THESIS\Dataset\Kawahara\release\images\NIL\Nil096.jpg,NIL/Nil096.jpg,KAW_680,Kawahara,3,43,external,stage2,densenet121,densenet121_proc_subsample,1,0,1,False,0.0018272412,0.004478574,0.5944708,0.5899922,0.7183865,0.27058;0.25572;0.28220;0.30715;0.33928;0.37525;0.25908;0.26474;0.28121;0.26190;0.32563;0.36263;0.27983;0.34235;0.24346;0.27777;0.19993;0.28617;0.27767;0.26417;0.28507;0.23740;0.36489;0.23652;0.24454;0.21618;0.23687;0.28947;0.27290;0.30788,0.28161353
D:\REGAN-Projek\THESIS\Dataset\Kawahara\release\images\NIL\Nil100.jpg,NIL/Nil100.jpg,KAW_681,Kawahara,3,43,external,stage2,densenet121,densenet121_proc_subsample,1,0,1,False,0.0018740582,0.0065772533,0.45048246,0.4439052,0.83338225,0.27135;0.18170;0.14343;0.10838;0.16132;0.26152;0.25000;0.14621;0.15585;0.12951;0.16465;0.19667;0.12034;0.13893;0.18418;0.20150;0.15015;0.11163;0.19042;0.15040;0.12787;0.17867;0.20197;0.17065;0.14904;0.09057;0.22304;0.13615;0.15974;0.14271,0.16661772
D:\REGAN-Projek\THESIS\Dataset\Kawahara\release\images\NIL\Nil103.jpg,NIL/Nil103.jpg,KAW_682,Kawahara,3,43,external,stage2,densenet121,densenet121_proc_subsample,1,0,1,False,0.0036686666,0.0077717304,0.6648659,0.6570942,0.61835045,0.70212;0.49631;0.63296;0.62349;0.63034;0.61630;0.54867;0.63511;0.52385;0.65930;0.54792;0.62966;0.70558;0.55154;0.56770;0.60970;0.64534;0.70212;0.66834;0.64534;0.63148;0.62795;0.64052;0.53838;0.58338;0.68300;0.63364;0.64958;0.49350;0.72739,0.61835045
D:\REGAN-Projek\THESIS\Dataset\Kawahara\release\images\NLL\Nll002.jpg,NLL/Nll002.jpg,KAW_683,Kawahara,3,43,external,stage2,densenet121,densenet121_proc_subsample,1,0,1,False,0.000815881,0.0028508008,0.4688931,0.4660423,0.8216429,0.19284;0.20931;0.18698;0.20387;0.21420;0.18773;0.16913;0.19315;0.16345;0.13500;0.20673;0.13285;0.16040;0.22798;0.17231;0.21717;0.12358;0.19884;0.17287;0.14658;0.20355;0.19269;0.14307;0.15830;0.12625;0.14499;0.18272;0.19483;0.19391;0.19544,0.1783571
D:\REGAN-Projek\THESIS\Dataset\Kawahara\release\images\NLL\Nll004.jpg,NLL/Nll004.jpg,KAW_684,Kawahara,3,43,external,stage2,densenet121,densenet121_proc_subsample,1,0,1,False,0.00090058934,0.0046290755,0.34624797,0.3416189,0.89012784,0.88424;0.94324;0.92536;0.91244;0.84299;0.91228;0.88223;0.87863;0.86316;0.91775;0.90465;0.91321;0.84885;0.81888;0.87451;0.88543;0.88563;0.86960;0.92841;0.85633;0.91877;0.90599;0.87300;0.84847;0.92802;0.89571;0.87663;0.93593;0.89930;0.87418,0.89012784
D:\REGAN-Projek\THESIS\Dataset\Kawahara\release\images\NML\Nml022.jpg,NML/Nml022.jpg,KAW_685,Kawahara,3,43,external,stage2,densenet121,densenet121_proc_subsample,1,0,1,False,0.001220021,0.0034327507,0.5417845,0.5383518,0.7679141,0.23953;0.23441;0.23758;0.29361;0.23109;0.22816;0.18083;0.26837;0.28249;0.21568;0.29706;0.21486;0.17924;0.26817;0.24472;0.21767;0.18847;0.25091;0.20150;0.19133;0.24635;0.24328;0.29716;0.21174;0.21618;0.25908;0.20482;0.24095;0.16066;0.21667,0.23208588
D:\REGAN-Projek\THESIS\Dataset\Kawahara\release\images\NML\Nml077.jpg,NML/Nml077.jpg,KAW_686,Kawahara,3,43,external,stage2,densenet121,densenet121_proc_subsample,1,0,1,False,0.00041407213,0.0033112913,0.23803614,0.23472485,0.9359249,0.08167;0.05460;0.03222;0.08632;0.04304;0.08898;0.06407;0.07423;0.09947;0.08756;0.08835;0.06210;0.12347;0.03883;0.04987;0.05370;0.05749;0.07850;0.04769;0.05739;0.03796;0.05330;0.04443;0.07383;0.04603;0.05450;0.06549;0.06537;0.06210;0.04968,0.06407511
D:\REGAN-Projek\THESIS\Dataset\Kawahara\release\images\NML\Nml079.jpg,NML/Nml079.jpg,KAW_687,Kawahara,3,43,external,stage2,densenet121,densenet121_proc_subsample,1,0,1,False,0.00052121864,0.00449875,0.21961498,0.21511623,0.94264925,0.07030;0.07107;0.12711;0.05330;0.02987;0.03629;0.04814;0.07159;0.05501;0.05360;0.04328;0.04476;0.03643;0.05888;0.04518;0.04904;0.05739;0.07343;0.08404;0.03979;0.05390;0.03321;0.03277;0.02113;0.06609;0.09368;0.10725;0.06537;0.04725;0.05137,0.05735078
D:\REGAN-Projek\THESIS\Dataset\Kawahara\release\images\Adl\Adl305.jpg,Adl/Adl305.jpg,KAW_688,Kawahara,3,43,external,stage2,densenet121,densenet121_proc_subsample,1,0,1,False,0.0015761624,0.0052057505,0.4643066,0.45910084,0.82462555,0.79518;0.86658;0.74798;0.81685;0.82489;0.86949;0.80776;0.79423;0.83589;0.84117;0.81346;0.70457;0.85978;0.82559;0.84620;0.85269;0.80655;0.88384;0.86579;0.83101;0.85585;0.74354;0.78826;0.82671;0.83735;0.80533;0.86670;0.85669;0.84157;0.82727,0.82462555
D:\REGAN-Projek\THESIS\Dataset\Kawahara\release\images\Adl\Adl313.jpg,Adl/Adl313.jpg,KAW_689,Kawahara,3,43,external,stage2,densenet121,densenet121_proc_subsample,1,0,1,False,0.00030752842,0.003513977,0.17756973,0.17405576,0.9569336,0.04123;0.08181;0.04859;0.06755;0.03423;0.03649;0.04468;0.04193;0.04177;0.06513;0.03097;0.06053;0.03949;0.02504;0.06537;0.01724;0.04868;0.03608;0.03309;0.03482;0.09285;0.02646;0.04201;0.02014;0.05311;0.02285;0.02320;0.04304;0.03934;0.03429,0.043066382
D:\REGAN-Projek\THESIS\Dataset\Kawahara\release\images\Ael\Ael490.jpg,Ael/Ael490.jpg,KAW_690,Kawahara,3,43,external,stage2,densenet121,densenet121_proc_subsample,1,0,1,False,0.00045152096,0.002156049,0.37169695,0.3695409,0.87759125,0.14879;0.11879;0.12044;0.09236;0.10448;0.14792;0.13106;0.11737;0.09569;0.14187;0.13140;0.12263;0.13296;0.07613;0.17189;0.12116;0.09090;0.07822;0.12733;0.11319;0.12023;0.10781;0.12485;0.12221;0.12210;0.13040;0.13558;0.15241;0.12625;0.14584,0.12240876
D:\REGAN-Projek\THESIS\Dataset\Kawahara\release\images\Ael\Ael492.jpg,Ael/Ael492.jpg,KAW_691,Kawahara,3,43,external,stage2,densenet121,densenet121_proc_subsample,1,0,1,False,0.0009918737,0.0067087114,0.24650759,0.23979887,0.9327345,0.05878;0.04201;0.11066;0.05932;0.10052;0.04170;0.04177;0.05400;0.06233;0.04751;0.07655;0.18506;0.07069;0.04621;0.06891;0.11202;0.05624;0.05400;0.07082;0.05311;0.05552;0.08495;0.03108;0.05728;0.05450;0.12485;0.03468;0.04296;0.05410;0.06584,0.06726554
D:\REGAN-Projek\THESIS\Dataset\Kawahara\release\images\Ael\Ael504.jpg,Ael/Ael504.jpg,KAW_692,Kawahara,3,43,external,stage2,densenet121,densenet121_proc_subsample,1,0,1,False,0.0047071106,0.009868681,0.6821357,0.672267,0.5740644,0.41597;0.43482;0.38688;0.47271;0.34005;0.28877;0.41365;0.46162;0.32972;0.44167;0.40386;0.43320;0.57350;0.42644;0.50241;0.23040;0.44520;0.35858;0.47561;0.50430;0.51175;0.47425;0.48584;0.38445;0.47233;0.37720;0.43266;0.45187;0.42770;0.42066,0.42593566
D:\REGAN-Projek\THESIS\Dataset\Kawahara\release\images\Gzl\gzl04.jpg,Gzl/gzl04.jpg,KAW_693,Kawahara,3,43,external,stage2,densenet121,densenet121_proc_subsample,1,0,1,False,0.008225361,0.016777813,0.689677,0.6728992,0.54163015,0.34169;0.47218;0.44918;0.41721;0.31405;0.54568;0.45717;0.45066;0.31764;0.39170;0.39624;0.46599;0.44432;0.60247;0.60083;0.61895;0.44411;0.55944;0.34081;0.52342;0.53124;0.46812;0.48642;0.36670;0.44631;0.44888;0.28677;0.52191;0.41336;0.62761,0.45836985
D:\REGAN-Projek\THESIS\Dataset\Kawahara\release\images\Gzl\gzl16.jpg,Gzl/gzl16.jpg,KAW_694,Kawahara,3,43,external,stage2,densenet121,densenet121_proc_subsample,1,0,1,False,0.002382761,0.005405426,0.6297917,0.62438625,0.6760764,0.30064;0.39112;0.28200;0.37582;0.29523;0.25405;0.36693;0.27885;0.34301;0.35098;0.29108;0.32029;0.38370;0.25889;0.28607;0.28388;0.31880;0.41614;0.44538;0.29962;0.23811;0.35242;0.36500;0.28428;0.31174;0.31902;0.31711;0.33004;0.37205;0.28547,0.32392362
D:\REGAN-Projek\THESIS\Dataset\Kawahara\release\images\Gzl\gzl76.jpg,Gzl/gzl76.jpg,KAW_695,Kawahara,3,43,external,stage2,densenet121,densenet121_proc_subsample,1,0,1,False,0.0031312432,0.0065942407,0.67631733,0.6697231,0.5914748,0.30003;0.45335;0.35231;0.43224;0.38393;0.45072;0.46685;0.35120;0.42119;0.27630;0.41614;0.40057;0.40451;0.40028;0.42692;0.41959;0.48101;0.37045;0.47795;0.37136;0.43464;0.47497;0.42686;0.42465;0.50992;0.42823;0.36071;0.45502;0.28507;0.39876,0.40852526
D:\REGAN-Projek\THESIS\Dataset\Kawahara\release\images\Gzl\gzl50.jpg,Gzl/gzl50.jpg,KAW_696,Kawahara,3,43,external,stage2,densenet121,densenet121_proc_subsample,1,0,1,False,0.0022319483,0.0061873794,0.54584587,0.5396585,0.7644926,0.81287;0.74130;0.69606;0.76189;0.68098;0.70436;0.85330;0.79037;0.78662;0.75994;0.76331;0.76647;0.78316;0.85171;0.81685;0.75110;0.68247;0.74945;0.79423;0.69430;0.77509;0.82375;0.79391;0.74706;0.77407;0.79566;0.77475;0.66476;0.77764;0.76734,0.7644926
D:\REGAN-Projek\THESIS\Dataset\Kawahara\release\images\Gal\Gal108.jpg,Gal/Gal108.jpg,KAW_697,Kawahara,3,43,external,stage2,densenet121,densenet121_proc_subsample,1,0,1,False,0.0018243279,0.0052496195,0.5260571,0.5208075,0.7806712,0.72865;0.84947;0.80487;0.77882;0.80502;0.74074;0.83387;0.67544;0.78564;0.79756;0.69378;0.75473;0.73183;0.78481;0.76489;0.83589;0.82601;0.83319;0.71840;0.77966;0.79756;0.81405;0.74890;0.78760;0.82699;0.80548;0.81641;0.75887;0.78646;0.75455,0.7806712
D:\REGAN-Projek\THESIS\Dataset\Kawahara\release\images\Gal\Gal113.jpg,Gal/Gal113.jpg,KAW_698,Kawahara,3,43,external,stage2,densenet121,densenet121_proc_subsample,1,0,1,False,0.0027320767,0.0068751574,0.5827234,0.5758482,0.7305376,0.68321;0.68983;0.75201;0.76260;0.74111;0.66920;0.75958;0.69461;0.77270;0.75923;0.74167;0.68003;0.70538;0.80163;0.79645;0.63466;0.79708;0.77150;0.74055;0.75905;0.77526;0.64232;0.75329;0.70801;0.76804;0.60912;0.67523;0.75147;0.70243;0.81888,0.7305376
D:\REGAN-Projek\THESIS\Dataset\Kawahara\release\images\Gal\Gal146.jpg,Gal/Gal146.jpg,KAW_699,Kawahara,3,43,external,stage2,densenet121,densenet121_proc_subsample,1,0,1,False,0.0012713516,0.0058971643,0.36197627,0.3560791,0.8824692,0.82741;0.90499;0.90926;0.89068;0.87873;0.88404;0.89571;0.91906;0.93710;0.90616;0.90632;0.77865;0.88223;0.92122;0.81257;0.88934;0.85717;0.90244;0.87956;0.86557;0.88991;0.86500;0.83535;0.85801;0.94229;0.89424;0.90910;0.87706;0.84632;0.90862,0.8824692
D:\REGAN-Projek\THESIS\Dataset\Kawahara\release\images\Gal\Gal257.jpg,Gal/Gal257.jpg,KAW_700,Kawahara,3,43,external,stage2,densenet121,densenet121_proc_subsample,1,0,1,False,0.0021009531,0.006794274,0.4869978,0.48020354,0.809465,0.21535;0.27738;0.27767;0.17554;0.19993;0.22781;0.14694;0.21784;0.19163;0.25683;0.21601;0.19103;0.13478;0.16385;0.25627;0.15948;0.16613;0.24509;0.12464;0.15662;0.25833;0.15279;0.14597;0.20641;0.17910;0.18199;0.16546;0.11556;0.11982;0.18982,0.19053502
D:\REGAN-Projek\THESIS\Dataset\Kawahara\release\images\Gal\Gal211.jpg,Gal/Gal211.jpg,KAW_701,Kawahara,3,43,external,stage2,densenet121,densenet121_proc_subsample,1,0,1,False,0.002996729,0.008016527,0.5518723,0.5438558,0.75931144,0.19978;0.36410;0.17301;0.19376;0.24238;0.24203;0.29159;0.32274;0.23652;0.26741;0.28537;0.17203;0.37978;0.18112;0.23179;0.18892;0.17469;0.29503;0.21158;0.22287;0.25018;0.25405;0.23935;0.26971;0.18040;0.18536;0.21717;0.29951;0.18580;0.26265,0.24068859
D:\REGAN-Projek\THESIS\Dataset\Kawahara\release\images\FAL\FAL066.JPG,FAL/FAL066.JPG,KAW_702,Kawahara,3,43,external,stage2,densenet121,densenet121_proc_subsample,1,0,1,False,0.00035262134,0.0027938783,0.2322947,0.22950082,0.9380518,0.95078;0.94133;0.94679;0.92482;0.94815;0.94650;0.93936;0.95720;0.93258;0.94689;0.91244;0.91760;0.94670;0.95397;0.92206;0.95123;0.95854;0.93463;0.93258;0.96110;0.94303;0.93687;0.96066;0.95846;0.93379;0.95032;0.92670;0.90175;0.87440;0.93033,0.9380518
D:\REGAN-Projek\THESIS\Dataset\Kawahara\release\images\FAL\Fal078.jpg,FAL/Fal078.jpg,KAW_703,Kawahara,3,43,external,stage2,densenet121,densenet121_proc_subsample,1,0,1,False,0.0010491988,0.0021061301,0.6921191,0.690013,0.5226685,0.56167;0.55468;0.57809;0.58433;0.53188;0.53646;0.52983;0.46153;0.55236;0.54867;0.55209;0.50686;0.51050;0.50039;0.50219;0.56446;0.56380;0.51824;0.53907;0.49026;0.47990;0.46393;0.48403;0.49204;0.49402;0.51483;0.50557;0.50421;0.53741;0.51678,0.5226685
D:\REGAN-Projek\THESIS\Dataset\Kawahara\release\images\FBL\FBL046.JPG,FBL/FBL046.JPG,KAW_704,Kawahara,3,43,external,stage2,densenet121,densenet121_proc_subsample,1,0,1,False,0.0022287953,0.006952107,0.5056721,0.49872,0.79616576,0.18773;0.24835;0.19806;0.22902;0.22661;0.24006;0.33361;0.26512;0.18330;0.17065;0.14719;0.22186;0.21734;0.27328;0.24581;0.21750;0.18213;0.10195;0.16119;0.21174;0.25238;0.19406;0.16345;0.19057;0.20577;0.20963;0.11397;0.15623;0.20866;0.15778,0.20383422
D:\REGAN-Projek\THESIS\Dataset\Kawahara\release\images\FBL\Fbl050.jpg,FBL/Fbl050.jpg,KAW_705,Kawahara,3,43,external,stage2,densenet121,densenet121_proc_subsample,1,0,1,False,0.0014250657,0.0038194656,0.55558574,0.5517663,0.7560541,0.66105;0.80100;0.78083;0.79279;0.72037;0.78711;0.74614;0.77730;0.73659;0.79944;0.78760;0.74669;0.75292;0.73507;0.72730;0.68857;0.75654;0.81917;0.70038;0.75887;0.75636;0.69987;0.80685;0.79230;0.76331;0.78299;0.78826;0.75636;0.74466;0.71493,0.7560541
D:\REGAN-Projek\THESIS\Dataset\Kawahara\release\images\FBL\FBL058.JPG,FBL/FBL058.JPG,KAW_706,Kawahara,3,43,external,stage2,densenet121,densenet121_proc_subsample,1,0,1,False,0.00079152914,0.003786236,0.36837822,0.364592,0.87926936,0.09722;0.15935;0.15649;0.09154;0.17175;0.11818;0.08850;0.15003;0.12765;0.09335;0.07094;0.11202;0.11839;0.12722;0.16053;0.12614;0.09808;0.10632;0.15317;0.08270;0.12744;0.14866;0.15559;0.11737;0.09843;0.14743;0.08464;0.13029;0.07464;0.12787,0.12073064
D:\REGAN-Projek\THESIS\Dataset\Kawahara\release\images\Fll\Fll027.jpg,Fll/Fll027.jpg,KAW_707,Kawahara,3,43,external,stage2,densenet121,densenet121_proc_subsample,1,0,1,False,0.0021317983,0.004276693,0.6930958,0.6888191,0.50507027,0.47777;0.54338;0.41514;0.53410;0.51564;0.42764;0.54144;0.49465;0.47206;0.45493;0.52076;0.49502;0.55278;0.48654;0.45959;0.54550;0.44182;0.43897;0.44047;0.44574;0.53701;0.59567;0.52729;0.44047;0.51885;0.46454;0.47207;0.57720;0.50505;0.50583,0.49492973
D:\REGAN-Projek\THESIS\Dataset\Kawahara\release\images\FBL\Fbl082.jpg,FBL/Fbl082.jpg,KAW_708,Kawahara,3,43,external,stage2,densenet121,densenet121_proc_subsample,1,0,1,False,0.00077228126,0.004282236,0.3175118,0.31322956,0.903416,0.16438;0.07878;0.11717;0.07043;0.07437;0.13062;0.10466;0.09106;0.13051;0.14597;0.13229;0.06501;0.07198;0.06942;0.12169;0.06792;0.12065;0.11241;0.06525;0.07964;0.06596;0.07107;0.08079;0.11143;0.07682;0.08255;0.09285;0.13364;0.09637;0.07185,0.096584015
D:\REGAN-Projek\THESIS\Dataset\Kawahara\release\images\FCL\Fcl026.jpg,FCL/Fcl026.jpg,KAW_709,Kawahara,3,43,external,stage2,densenet121,densenet121_proc_subsample,1,0,1,False,0.0023687386,0.0050055385,0.66625446,0.6612489,0.6154356,0.32061;0.38532;0.44279;0.46442;0.38700;0.40816;0.36682;0.34953;0.40822;0.43542;0.35813;0.30260;0.37171;0.42102;0.33361;0.34776;0.36670;0.35701;0.30394;0.35566;0.47768;0.44589;0.39952;0.42752;0.47387;0.42572;0.38491;0.34798;0.33361;0.33383,0.3845644
D:\REGAN-Projek\THESIS\Dataset\Kawahara\release\images\FCL\Fcl060.jpg,FCL/Fcl060.jpg,KAW_710,Kawahara,3,43,external,stage2,densenet121,densenet121_proc_subsample,1,0,1,False,0.00014207586,0.0026808977,0.124073595,0.1213927,0.9730224,0.04418;0.02898;0.02174;0.03340;0.01417;0.01201;0.01628;0.02970;0.02405;0.04586;0.02518;0.02915;0.03150;0.03455;0.04638;0.02727;0.05330;0.01653;0.01691;0.03180;0.01343;0.00967;0.02387;0.01017;0.02216;0.03156;0.02893;0.02224;0.05127;0.01307,0.026977573
D:\REGAN-Projek\THESIS\Dataset\Kawahara\release\images\Fll\Fll045.jpg,Fll/Fll045.jpg,KAW_711,Kawahara,3,43,external,stage2,densenet121,densenet121_proc_subsample,1,0,1,False,0.0011553338,0.003318727,0.51684463,0.5135259,0.78780943,0.82418;0.76419;0.76717;0.79882;0.80761;0.80837;0.76172;0.67082;0.81917;0.81772;0.71988;0.82033;0.75437;0.79295;0.77696;0.80163;0.79850;0.80716;0.76699;0.80069;0.80038;0.76154;0.76507;0.81989;0.79454;0.80271;0.76524;0.83722;0.82432;0.78415,0.78780943
D:\REGAN-Projek\THESIS\Dataset\Kawahara\release\images\FCL\Fcl100.jpg,FCL/Fcl100.jpg,KAW_712,Kawahara,3,43,external,stage2,densenet121,densenet121_proc_subsample,1,0,1,False,0.0019554049,0.0052674413,0.5614372,0.55616975,0.75081575,0.71083;0.75365;0.67779;0.68972;0.79295;0.78842;0.73048;0.75833;0.75074;0.82247;0.73202;0.72497;0.76734;0.74762;0.83073;0.70660;0.69833;0.73125;0.73087;0.76384;0.65047;0.83373;0.71293;0.77781;0.76664;0.78200;0.76717;0.80178;0.79629;0.72672,0.75081575
D:\REGAN-Projek\THESIS\Dataset\Kawahara\release\images\FEL\Fel098.jpg,FEL/Fel098.jpg,KAW_713,Kawahara,3,43,external,stage2,densenet121,densenet121_proc_subsample,1,0,1,False,0.0027779904,0.0070962906,0.58528894,0.57819265,0.7279482,0.26817;0.31711;0.25926;0.29594;0.32424;0.35075;0.41620;0.27669;0.30198;0.23899;0.32788;0.23336;0.27038;0.26837;0.27396;0.26190;0.14756;0.24744;0.24908;0.30632;0.25460;0.26152;0.19163;0.27241;0.20292;0.18624;0.26569;0.23740;0.33188;0.32167,0.27205178
D:\REGAN-Projek\THESIS\Dataset\Kawahara\release\images\FFL\FFL020.JPG,FFL/FFL020.JPG,KAW_714,Kawahara,3,43,external,stage2,densenet121,densenet121_proc_subsample,1,0,1,False,0.0012443212,0.0034137964,0.55059755,0.54718375,0.76041806,0.17441;0.27747;0.21338;0.22781;0.25294;0.24095;0.19133;0.23493;0.24042;0.23040;0.26837;0.22850;0.26933;0.28111;0.31574;0.19869;0.21371;0.23214;0.27659;0.20087;0.22764;0.21469;0.28777;0.21223;0.24256;0.30085;0.21207;0.26360;0.27542;0.18155,0.23958197
D:\REGAN-Projek\THESIS\Dataset\Kawahara\release\images\FFL\Ffl092.jpg,FFL/Ffl092.jpg,KAW_715,Kawahara,3,43,external,stage2,densenet121,densenet121_proc_subsample,1,0,1,False,0.003954665,0.010241032,0.56759614,0.5573551,0.7451545,0.29260;0.20307;0.25851;0.18580;0.21984;0.34754;0.21784;0.22457;0.34798;0.32125;0.21535;0.18359;0.16238;0.24926;0.27630;0.18374;0.20802;0.39350;0.33753;0.17939;0.31038;0.24382;0.30249;0.24221;0.20181;0.38243;0.22355;0.28101;0.25386;0.19575,0.25484553
D:\REGAN-Projek\THESIS\Dataset\Kawahara\release\images\FFL\Ffl094.jpg,FFL/Ffl094.jpg,KAW_716,Kawahara,3,43,external,stage2,densenet121,densenet121_proc_subsample,1,0,1,False,0.00066163734,0.0013522506,0.6827122,0.68135995,0.57210624,0.42149;0.42405;0.42501;0.42686;0.41549;0.38543;0.42782;0.43320;0.45148;0.46966;0.39624;0.46256;0.46660;0.37898;0.42853;0.44137;0.42447;0.41692;0.43803;0.41395;0.48376;0.42054;0.42036;0.45248;0.39636;0.45644;0.41745;0.45263;0.40363;0.38503,0.42789376
D:\REGAN-Projek\THESIS\Dataset\Kawahara\release\images\Fll\Fll071.jpg,Fll/Fll071.jpg,KAW_717,Kawahara,3,43,external,stage2,densenet121,densenet121_proc_subsample,1,0,1,False,0.001723334,0.003461361,0.69280094,0.6893396,0.513157,0.46090;0.50165;0.51051;0.40751;0.43927;0.48496;0.46314;0.54916;0.43776;0.50473;0.48751;0.55227;0.39484;0.52945;0.46335;0.48636;0.49350;0.47775;0.49156;0.46423;0.54526;0.53322;0.54305;0.40898;0.48784;0.47080;0.46700;0.49742;0.53513;0.51620,0.486843
D:\REGAN-Projek\THESIS\Dataset\Kawahara\release\images\FDL\Fdl056.jpg,FDL/Fdl056.jpg,KAW_718,Kawahara,3,43,external,stage2,densenet121,densenet121_proc_subsample,1,0,1,False,0.002019664,0.006389439,0.4834369,0.47704747,0.8119132,0.19208;0.18126;0.17203;0.18054;0.22747;0.33579;0.14904;0.20673;0.14842;0.21701;0.14475;0.21618;0.13776;0.11596;0.18967;0.14164;0.24185;0.13649;0.21767;0.21289;0.15380;0.17753;0.22627;0.15103;0.21900;0.17710;0.15675;0.24963;0.22152;0.14475,0.18808682
D:\REGAN-Projek\THESIS\Dataset\Kawahara\release\images\Gbl\Gbl009.jpg,Gbl/Gbl009.jpg,KAW_719,Kawahara,3,43,external,stage2,densenet121,densenet121_proc_subsample,1,0,1,False,0.00093067915,0.0048890114,0.3477022,0.3428132,0.88943154,0.84822;0.88524;0.83735;0.83278;0.87706;0.93196;0.90397;0.87894;0.95204;0.86905;0.91228;0.88603;0.91921;0.90035;0.85645;0.90227;0.88876;0.85513;0.92234;0.87213;0.88953;0.89497;0.85269;0.91505;0.84822;0.88701;0.90813;0.94510;0.88779;0.92290,0.88943154
D:\REGAN-Projek\THESIS\Dataset\Kawahara\release\images\Gcl\Gcl094.jpg,Gcl/Gcl094.jpg,KAW_720,Kawahara,3,43,external,stage2,densenet121,densenet121_proc_subsample,1,0,1,False,0.0035971443,0.00977391,0.54458225,0.53480834,0.7655631,0.17681;0.23057;0.24490;0.20260;0.25405;0.12305;0.23599;0.19962;0.22355;0.24024;0.22219;0.30736;0.24708;0.24981;0.22936;0.25665;0.15948;0.37433;0.17795;0.23546;0.33622;0.18345;0.39887;0.29553;0.21240;0.17329;0.15974;0.24708;0.22954;0.20593,0.23443693
D:\REGAN-Projek\THESIS\Dataset\Kawahara\release\images\Gdl\Gdl014.jpg,Gdl/Gdl014.jpg,KAW_721,Kawahara,3,43,external,stage2,densenet121,densenet121_proc_subsample,1,0,1,False,0.0022123607,0.007126808,0.4911772,0.4840504,0.8065569,0.24671;0.21934;0.19148;0.19513;0.20498;0.22542;0.22627;0.14645;0.22695;0.22644;0.13546;0.22902;0.32702;0.15922;0.19224;0.25553;0.18257;0.16640;0.15935;0.15585;0.13443;0.20530;0.12787;0.23828;0.16291;0.22001;0.12657;0.09982;0.20371;0.21256,0.19344313
D:\REGAN-Projek\THESIS\Dataset\Kawahara\release\images\Gdl\Gdl021.jpg,Gdl/Gdl021.jpg,KAW_722,Kawahara,3,43,external,stage2,densenet121,densenet121_proc_subsample,1,0,1,False,0.0021406403,0.008874655,0.38634545,0.3774708,0.8700217,0.20134;0.11596;0.13140;0.12689;0.10266;0.19931;0.22971;0.09368;0.12326;0.12929;0.19300;0.12507;0.10706;0.08050;0.09351;0.07491;0.10248;0.15675;0.20482;0.10070;0.08329;0.11260;0.10725;0.13151;0.24744;0.07120;0.08556;0.12443;0.13615;0.10762,0.12997828
D:\REGAN-Projek\THESIS\Dataset\Kawahara\release\images\Gdl\Gdl025.jpg,Gdl/Gdl025.jpg,KAW_723,Kawahara,3,43,external,stage2,densenet121,densenet121_proc_subsample,1,0,1,False,0.0009438654,0.0027781725,0.51665974,0.51388156,0.7879503,0.81989;0.81242;0.80163;0.80624;0.80716;0.84645;0.74484;0.75201;0.80194;0.77611;0.82474;0.78150;0.71313;0.76047;0.77046;0.78166;0.81787;0.79279;0.75833;0.81611;0.77236;0.77167;0.80943;0.81509;0.79598;0.77509;0.81405;0.79550;0.71353;0.79004,0.7879503
D:\REGAN-Projek\THESIS\Dataset\Kawahara\release\images\Ggl\Ggl050.jpg,Ggl/Ggl050.jpg,KAW_724,Kawahara,3,43,external,stage2,densenet121,densenet121_proc_subsample,1,0,1,False,0.0031059948,0.006945789,0.64712936,0.64018357,0.6505116,0.34422;0.40928;0.38087;0.38746;0.35242;0.33339;0.23652;0.36410;0.30518;0.39269;0.39513;0.40368;0.42066;0.29727;0.38688;0.42131;0.41537;0.35488;0.29921;0.28170;0.34477;0.22816;0.31574;0.25964;0.37605;0.34312;0.32735;0.33797;0.46029;0.30934,0.34948835
D:\REGAN-Projek\THESIS\Dataset\Kawahara\release\images\Ggl\Ggl058.jpg,Ggl/Ggl058.jpg,KAW_725,Kawahara,3,43,external,stage2,densenet121,densenet121_proc_subsample,1,0,1,False,0.001989553,0.0043855906,0.650128,0.6457424,0.64559996,0.41864;0.31806;0.40875;0.33851;0.32972;0.36071;0.41490;0.31902;0.37685;0.37892;0.31101;0.34466;0.39257;0.26894;0.27718;0.26227;0.37228;0.37967;0.34931;0.34909;0.33546;0.44333;0.33939;0.40175;0.40122;0.39263;0.30684;0.36977;0.31870;0.35187,0.3544
D:\REGAN-Projek\THESIS\Dataset\Kawahara\release\images\Fll\Fll097.jpg,Fll/Fll097.jpg,KAW_726,Kawahara,3,43,external,stage2,densenet121,densenet121_proc_subsample,1,0,1,False,0.00088490924,0.0028727949,0.4803284,0.47745562,0.8140286,0.85452;0.80913;0.83562;0.81093;0.83762;0.78777;0.75528;0.82176;0.83775;0.76839;0.84972;0.83894;0.80364;0.83481;0.83373;0.77133;0.81420;0.75128;0.81242;0.80100;0.80333;0.75618;0.81960;0.79693;0.83642;0.82076;0.86420;0.84390;0.83655;0.81316,0.8140286
D:\REGAN-Projek\THESIS\Dataset\Kawahara\release\images\Fgl\Fgl082.jpg,Fgl/Fgl082.jpg,KAW_727,Kawahara,3,43,external,stage2,densenet121,densenet121_proc_subsample,1,0,1,False,0.003066765,0.006244719,0.68493545,0.67869073,0.5639893,0.46320;0.42179;0.41792;0.38335;0.34499;0.40421;0.40110;0.49767;0.53212;0.43452;0.47541;0.52062;0.37571;0.43921;0.44782;0.42776;0.41603;0.40010;0.38162;0.39181;0.56530;0.34345;0.49552;0.47169;0.50812;0.49373;0.39741;0.43680;0.42620;0.36512,0.43601075
D:\REGAN-Projek\THESIS\Dataset\Kawahara\release\images\Fgl\Fgl083.jpg,Fgl/Fgl083.jpg,KAW_728,Kawahara,3,43,external,stage2,densenet121,densenet121_proc_subsample,1,0,1,False,0.002061849,0.0047826767,0.62089974,0.61611706,0.6877365,0.30934;0.31595;0.28329;0.30466;0.39123;0.24853;0.33361;0.27164;0.32584;0.33753;0.35153;0.29767;0.37857;0.23144;0.36523;0.36829;0.26703;0.24817;0.32231;0.31955;0.26760;0.30477;0.38416;0.26284;0.28967;0.27855;0.28727;0.41200;0.32456;0.28507,0.31226346
D:\REGAN-Projek\THESIS\Dataset\Kawahara\release\images\Fhl\Fhl046.jpg,Fhl/Fhl046.jpg,KAW_729,Kawahara,3,43,external,stage2,densenet121,densenet121_proc_subsample,1,0,1,False,0.00020153375,0.002912432,0.13775247,0.13484004,0.9691303,0.02438;0.01812;0.02769;0.01253;0.02626;0.01519;0.04353;0.04353;0.02780;0.01953;0.03234;0.03811;0.01823;0.01957;0.02707;0.03359;0.02203;0.02686;0.04031;0.02199;0.03768;0.05252;0.02049;0.03740;0.02121;0.02076;0.04787;0.08556;0.03204;0.03192,0.030869702
D:\REGAN-Projek\THESIS\Dataset\Kawahara\release\images\Fll\Fll108.jpg,Fll/Fll108.jpg,KAW_730,Kawahara,3,43,external,stage2,densenet121,densenet121_proc_subsample,1,0,1,False,0.0016843126,0.0034096837,0.6905936,0.6871839,0.5357172,0.52773;0.51497;0.53056;0.63658;0.50680;0.45629;0.53209;0.52535;0.58646;0.52869;0.54089;0.57636;0.51560;0.49653;0.54674;0.63613;0.52788;0.51268;0.53091;0.57021;0.50417;0.53616;0.52543;0.46396;0.55203;0.50004;0.51499;0.50463;0.59555;0.57511,0.5357172
D:\REGAN-Projek\THESIS\Dataset\Kawahara\release\images\Fil\Fil006.jpg,Fil/Fil006.jpg,KAW_731,Kawahara,3,43,external,stage2,densenet121,densenet121_proc_subsample,1,0,1,False,0.0012181677,0.005263597,0.39098245,0.38571885,0.86756873,0.13523;0.18743;0.09895;0.10876;0.11280;0.14953;0.15714;0.12896;0.13569;0.20931;0.13073;0.18788;0.17273;0.09569;0.09451;0.11697;0.08495;0.09351;0.12571;0.15987;0.07504;0.12231;0.11358;0.11556;0.15714;0.14223;0.13478;0.19869;0.07850;0.14879,0.13243128
D:\REGAN-Projek\THESIS\Dataset\Kawahara\release\images\Fll\Fll116.jpg,Fll/Fll116.jpg,KAW_732,Kawahara,3,43,external,stage2,densenet121,densenet121_proc_subsample,1,0,1,False,0.00072669145,0.0021148324,0.513086,0.5109712,0.79065615,0.17767;0.21012;0.22186;0.20802;0.22747;0.19483;0.20434;0.19806;0.17497;0.18286;0.18654;0.24835;0.21934;0.20770;0.18698;0.22169;0.19406;0.20197;0.18669;0.20150;0.23127;0.24726;0.16790;0.20882;0.20418;0.20150;0.30746;0.21044;0.20498;0.24149,0.20934387
D:\REGAN-Projek\THESIS\Dataset\Kawahara\release\images\Fll\Fll118.jpg,Fll/Fll118.jpg,KAW_733,Kawahara,3,43,external,stage2,densenet121,densenet121_proc_subsample,1,0,1,False,0.002649619,0.0053376555,0.69153905,0.6862014,0.5283482,0.53989;0.48757;0.55260;0.45632;0.47896;0.43464;0.44873;0.40557;0.45511;0.51826;0.55929;0.45565;0.52290;0.50063;0.37662;0.50407;0.46821;0.44840;0.40975;0.43668;0.42949;0.50015;0.44843;0.48208;0.49321;0.60306;0.47390;0.43626;0.37628;0.44686,0.47165176
D:\REGAN-Projek\THESIS\Dataset\Kawahara\release\images\Fil\Fil032.jpg,Fil/Fil032.jpg,KAW_734,Kawahara,3,43,external,stage2,densenet121,densenet121_proc_subsample,1,0,1,False,0.00054280815,0.0034542382,0.2863547,0.28290045,0.91686726,0.10971;0.07893;0.08329;0.05954;0.11717;0.09122;0.08434;0.10521;0.10876;0.05501;0.10266;0.07437;0.06477;0.09485;0.08464;0.05531;0.06537;0.07043;0.07558;0.05350;0.07477;0.05223;0.06792;0.06866;0.14694;0.12013;0.08835;0.05213;0.11124;0.07696,0.08313272
D:\REGAN-Projek\THESIS\Dataset\Kawahara\release\images\Fll\Fll132.jpg,Fll/Fll132.jpg,KAW_735,Kawahara,3,43,external,stage2,densenet121,densenet121_proc_subsample,1,0,1,False,0.0018604186,0.007523209,0.41450185,0.40697864,0.8546815,0.09485;0.18330;0.21984;0.13151;0.13684;0.14904;0.15508;0.18112;0.13788;0.11656;0.20546;0.14093;0.09965;0.12116;0.11839;0.14176;0.13811;0.18610;0.21800;0.13387;0.07477;0.24310;0.12294;0.13869;0.17982;0.12984;0.08556;0.06360;0.12003;0.19178,0.14531848
D:\REGAN-Projek\THESIS\Dataset\Kawahara\release\images\New\newl014.jpg,New/newl014.jpg,KAW_736,Kawahara,3,43,external,stage2,densenet121,densenet121_proc_subsample,1,0,1,False,0.0006162677,0.004177958,0.27739543,0.27321747,0.9205617,0.93721;0.94929;0.94679;0.90894;0.90192;0.91730;0.94068;0.89424;0.92400;0.89010;0.95991;0.90764;0.87977;0.94208;0.92867;0.91212;0.89770;0.92107;0.92590;0.87429;0.94387;0.92414;0.92400;0.94324;0.90192;0.95631;0.86328;0.93969;0.90862;0.95213,0.9205617
D:\REGAN-Projek\THESIS\Dataset\Kawahara\release\images\New\newl032.jpg,New/newl032.jpg,KAW_737,Kawahara,3,43,external,stage2,densenet121,densenet121_proc_subsample,1,0,1,False,0.0008420307,0.0017047524,0.6883587,0.686654,0.54889166,0.46332;0.42943;0.42997;0.46208;0.45602;0.48875;0.41983;0.38972;0.44659;0.44288;0.44686;0.41959;0.49361;0.45895;0.44288;0.44936;0.47052;0.52248;0.47398;0.47661;0.46423;0.48357;0.38312;0.44643;0.41531;0.46317;0.47399;0.44128;0.43704;0.44167,0.45110834
D:\REGAN-Projek\THESIS\Dataset\Kawahara\release\images\New\newl043.jpg,New/newl043.jpg,KAW_738,Kawahara,3,43,external,stage2,densenet121,densenet121_proc_subsample,1,0,1,False,0.0007085614,0.0022848547,0.4866866,0.48440173,0.80968004,0.83521;0.80746;0.80776;0.82615;0.78826;0.79566;0.82643;0.83128;0.83373;0.77999;0.77236;0.83602;0.81597;0.84972;0.84222;0.79134;0.74798;0.83682;0.83881;0.84078;0.81655;0.78728;0.79470;0.76278;0.80038;0.84835;0.79598;0.77949;0.80928;0.79166,0.80968004
D:\REGAN-Projek\THESIS\Dataset\Kawahara\release\images\New\newl047.jpg,New/newl047.jpg,KAW_739,Kawahara,3,43,external,stage2,densenet121,densenet121_proc_subsample,1,0,1,False,0.0010316358,0.0027077198,0.57617044,0.5734627,0.73700106,0.19729;0.27125;0.29118;0.24346;0.23546;0.27845;0.28170;0.22236;0.21077;0.26246;0.31997;0.28907;0.28577;0.25964;0.27630;0.29829;0.31258;0.27757;0.26798;0.27319;0.29432;0.25202;0.23406;0.23318;0.30415;0.26981;0.23864;0.27532;0.24346;0.19027,0.26299894
D:\REGAN-Projek\THESIS\Dataset\Kawahara\release\images\New\newl049.jpg,New/newl049.jpg,KAW_740,Kawahara,3,43,external,stage2,densenet121,densenet121_proc_subsample,1,0,1,False,0.0017094921,0.005405456,0.48635983,0.48095438,0.8099056,0.80022;0.84065;0.86454;0.84402;0.84104;0.68794;0.83775;0.80271;0.76752;0.83682;0.81523;0.79866;0.75110;0.81287;0.77932;0.78100;0.84543;0.75383;0.76172;0.81670;0.78858;0.84492;0.83059;0.75292;0.86625;0.79866;0.87515;0.83004;0.84286;0.82811,0.8099056
D:\REGAN-Projek\THESIS\Dataset\Kawahara\release\images\New\newl051.jpg,New/newl051.jpg,KAW_741,Kawahara,3,43,external,stage2,densenet121,densenet121_proc_subsample,1,0,1,False,0.0018402453,0.003913045,0.66069025,0.6567772,0.626697,0.64277;0.59602;0.54913;0.69056;0.67276;0.60352;0.64936;0.51417;0.62977;0.67673;0.67416;0.68215;0.65202;0.59355;0.58646;0.61063;0.58403;0.60259;0.57499;0.65147;0.62989;0.65390;0.67061;0.58877;0.66269;0.66203;0.65268;0.57463;0.61486;0.65401,0.626697
D:\REGAN-Projek\THESIS\Dataset\Kawahara\release\images\New\newl059.jpg,New/newl059.jpg,KAW_742,Kawahara,3,43,external,stage2,densenet121,densenet121_proc_subsample,1,0,1,False,0.0015079211,0.0033470392,0.64052486,0.6371778,0.66076785,0.39870;0.39036;0.31384;0.29625;0.43794;0.33797;0.34136;0.33437;0.35365;0.39205;0.30146;0.27738;0.35287;0.33546;0.33209;0.30715;0.37662;0.34887;0.32082;0.32488;0.39292;0.37136;0.32670;0.27591;0.33415;0.32008;0.29798;0.31426;0.28777;0.38174,0.33923215
D:\REGAN-Projek\THESIS\Dataset\Kawahara\release\images\NAL\Nal002.jpg,NAL/Nal002.jpg,KAW_743,Kawahara,3,43,external,stage2,densenet121,densenet121_proc_subsample,1,1,2,True,0.00028446954,0.0021271706,0.26244134,0.26031417,0.9265625,0.96385;0.93947;0.90414;0.92262;0.91730;0.94550;0.91290;0.91833;0.94013;0.93755;0.94520;0.92590;0.95132;0.91730;0.91165;0.94929;0.93021;0.92789;0.90515;0.92815;0.92536;0.92995;0.93835;0.91863;0.94314;0.93084;0.92442;0.90616;0.89643;0.88972,0.9265625
D:\REGAN-Projek\THESIS\Dataset\Kawahara\release\images\NAL\Nal008.jpg,NAL/Nal008.jpg,KAW_744,Kawahara,3,43,external,stage2,densenet121,densenet121_proc_subsample,1,1,2,True,0.0037021963,0.010325551,0.5354791,0.5251536,0.77311975,0.83400;0.79866;0.65688;0.72262;0.75744;0.82290;0.82838;0.71203;0.74595;0.70982;0.69812;0.70912;0.82727;0.85978;0.71642;0.77407;0.61300;0.76769;0.80548;0.83855;0.84351;0.78349;0.71293;0.83615;0.76331;0.79787;0.78580;0.83346;0.80271;0.83615,0.77311975
D:\REGAN-Projek\THESIS\Dataset\Kawahara\release\images\NBL\Nbl059.jpg,NBL/Nbl059.jpg,KAW_745,Kawahara,3,43,external,stage2,densenet121,densenet121_proc_subsample,1,1,2,True,0.0005145922,0.0034167767,0.2776328,0.27421603,0.92046475,0.94550;0.91921;0.89930;0.94251;0.93021;0.91804;0.92290;0.89087;0.94293;0.93343;0.95791;0.91935;0.94387;0.92931;0.95310;0.94640;0.89841;0.89497;0.89643;0.88283;0.90261;0.93617;0.92304;0.92248;0.92944;0.85501;0.93084;0.92697;0.90764;0.91228,0.92046475
D:\REGAN-Projek\THESIS\Dataset\Kawahara\release\images\NBL\Nbl060.jpg,NBL/Nbl060.jpg,KAW_746,Kawahara,3,43,external,stage2,densenet121,densenet121_proc_subsample,1,1,2,True,0.0037438804,0.007570088,0.6896744,0.6821043,0.54164594,0.58682;0.53986;0.46645;0.54662;0.54474;0.60720;0.63647;0.53577;0.52789;0.42590;0.47282;0.62989;0.47596;0.60428;0.63068;0.49973;0.52309;0.54165;0.56320;0.54577;0.48578;0.46982;0.60294;0.40957;0.50742;0.61103;0.56716;0.49009;0.58130;0.61947,0.54164594
D:\REGAN-Projek\THESIS\Dataset\Kawahara\release\images\NBL\Nbl063.jpg,NBL/Nbl063.jpg,KAW_747,Kawahara,3,43,external,stage2,densenet121,densenet121_proc_subsample,1,1,2,True,0.0024585472,0.0071392655,0.5292249,0.5220856,0.77816164,0.72204;0.76821;0.77064;0.83305;0.82361;0.78514;0.71978;0.75437;0.77184;0.78200;0.77509;0.73240;0.78166;0.70141;0.74298;0.82908;0.86949;0.75672;0.80640;0.79756;0.79598;0.75564;0.71093;0.78283;0.83602;0.83305;0.87332;0.64501;0.77932;0.80928,0.77816164
D:\REGAN-Projek\THESIS\Dataset\Kawahara\release\images\NBL\Nbl065.jpg,NBL/Nbl065.jpg,KAW_748,Kawahara,3,43,external,stage2,densenet121,densenet121_proc_subsample,1,1,2,True,0.002017125,0.004047513,0.6931373,0.6890898,0.50222075,0.46890;0.49183;0.54737;0.58332;0.51045;0.56350;0.47975;0.42549;0.49424;0.52366;0.50445;0.47975;0.45408;0.41620;0.49368;0.49128;0.55878;0.46472;0.45266;0.53692;0.52426;0.54988;0.51163;0.54898;0.50360;0.59543;0.47098;0.42919;0.51970;0.47194,0.50222075
D:\REGAN-Projek\THESIS\Dataset\Kawahara\release\images\NGL\Ngl004.jpg,NGL/Ngl004.jpg,KAW_749,Kawahara,3,43,external,stage2,densenet121,densenet121_proc_subsample,1,1,2,True,0.002866207,0.0064397454,0.63432825,0.6278885,0.6697886,0.42316;0.44258;0.33339;0.33459;0.33742;0.29808;0.27058;0.30157;0.31384;0.28867;0.40128;0.24799;0.43254;0.36320;0.30198;0.29048;0.23828;0.33600;0.33808;0.33069;0.31933;0.31342;0.30044;0.41235;0.36546;0.25460;0.30694;0.28697;0.31870;0.40374,0.33021137
D:\REGAN-Projek\THESIS\Dataset\Kawahara\release\images\NGL\NGL025.JPG,NGL/NGL025.JPG,KAW_750,Kawahara,3,43,external,stage2,densenet121,densenet121_proc_subsample,1,1,2,True,0.0024742621,0.0051966906,0.67072105,0.66552436,0.60549414,0.30466;0.44858;0.38278;0.36387;0.39741;0.32306;0.41882;0.38630;0.39689;0.37616;0.40504;0.37536;0.46420;0.30270;0.49835;0.38387;0.36523;0.48525;0.42352;0.38381;0.38537;0.36704;0.38526;0.34998;0.45844;0.44351;0.42298;0.45680;0.36546;0.31447,0.39450586
D:\REGAN-Projek\THESIS\Dataset\Kawahara\release\images\NGL\Ngl041.jpg,NGL/Ngl041.jpg,KAW_751,Kawahara,3,43,external,stage2,densenet121,densenet121_proc_subsample,1,1,2,True,0.0036933979,0.008895397,0.60727704,0.59838164,0.7041844,0.70294;0.74373;0.61497;0.75165;0.68931;0.63951;0.78033;0.61405;0.66247;0.58777;0.69730;0.66617;0.80379;0.71899;0.80761;0.75110;0.61364;0.77441;0.78266;0.64613;0.74982;0.73202;0.73507;0.72701;0.72942;0.63647;0.68374;0.75292;0.62761;0.70294,0.7041844
D:\REGAN-Projek\THESIS\Dataset\Kawahara\release\images\NGL\Ngl066.jpg,NGL/Ngl066.jpg,KAW_752,Kawahara,3,43,external,stage2,densenet121,densenet121_proc_subsample,1,1,2,True,0.0011898739,0.0059911013,0.3400484,0.3340573,0.8930699,0.93640;0.94590;0.87966;0.93675;0.80579;0.84985;0.90465;0.84454;0.89841;0.89143;0.90878;0.93812;0.90926;0.90926;0.90053;0.88324;0.93343;0.92931;0.90209;0.91671;0.88972;0.88364;0.88141;0.80194;0.86938;0.89181;0.86670;0.91414;0.88243;0.88681,0.8930699
D:\REGAN-Projek\THESIS\Dataset\Kawahara\release\images\NGL\Ngl088.jpg,NGL/Ngl088.jpg,KAW_753,Kawahara,3,43,external,stage2,densenet121,densenet121_proc_subsample,1,1,2,True,0.0017237676,0.0062099397,0.4506982,0.44448826,0.8332482,0.15178;0.17526;0.24853;0.26417;0.18967;0.09106;0.23758;0.17810;0.21817;0.18097;0.13512;0.15961;0.15585;0.18040;0.18610;0.17810;0.17838;0.18068;0.14731;0.18654;0.13040;0.11299;0.12137;0.16573;0.13776;0.09285;0.13443;0.15393;0.21093;0.11879,0.1667518
D:\REGAN-Projek\THESIS\Dataset\Kawahara\release\images\NIL\Nil064.jpg,NIL/Nil064.jpg,KAW_754,Kawahara,3,43,external,stage2,densenet121,densenet121_proc_subsample,1,1,2,True,0.0007411614,0.005087942,0.27046824,0.2653803,0.9233669,0.09620;0.03468;0.06383;0.14670;0.12918;0.13375;0.09637;0.07410;0.05562;0.08510;0.07531;0.07572;0.08196;0.06633;0.04569;0.10448;0.05541;0.07356;0.05204;0.07766;0.08007;0.07056;0.05552;0.08525;0.06210;0.03636;0.03581;0.10838;0.06954;0.07172,0.07663312
D:\REGAN-Projek\THESIS\Dataset\Kawahara\release\images\NIL\Nil068.jpg,NIL/Nil068.jpg,KAW_755,Kawahara,3,43,external,stage2,densenet121,densenet121_proc_subsample,1,1,2,True,0.0031148365,0.009404302,0.5217034,0.5122991,0.7840737,0.85633;0.73317;0.78349;0.86938;0.76629;0.85195;0.86905;0.72214;0.68353;0.84260;0.79645;0.86177;0.75976;0.85585;0.77322;0.72243;0.70212;0.78858;0.74428;0.86316;0.70740;0.75726;0.77133;0.75976;0.71790;0.73077;0.83508;0.77966;0.80761;0.80988,0.7840737
D:\REGAN-Projek\THESIS\Dataset\Kawahara\release\images\NIL\Nil082.jpg,NIL/Nil082.jpg,KAW_756,Kawahara,3,43,external,stage2,densenet121,densenet121_proc_subsample,1,1,2,True,0.0014798901,0.0058484375,0.4194435,0.41359505,0.85187465,0.78531;0.84860;0.89200;0.77390;0.83562;0.86960;0.88484;0.81048;0.81464;0.88934;0.88740;0.83292;0.85355;0.85621;0.86816;0.87082;0.80897;0.79343;0.87071;0.86771;0.89787;0.91086;0.84479;0.85183;0.88798;0.79102;0.84645;0.87997;0.92093;0.81033,0.85187465
D:\REGAN-Projek\THESIS\Dataset\Kawahara\release\images\NIL\Nil090.jpg,NIL/Nil090.jpg,KAW_757,Kawahara,3,43,external,stage2,densenet121,densenet121_proc_subsample,1,1,2,True,0.00041993716,0.004015982,0.19499123,0.19097525,0.9511917,0.96196;0.96168;0.97487;0.94825;0.91906;0.95257;0.94748;0.95672;0.96710;0.91626;0.95388;0.96685;0.96295;0.92276;0.96006;0.96984;0.96832;0.94155;0.95249;0.96316;0.94728;0.87987;0.94112;0.96704;0.93558;0.95032;0.97231;0.97252;0.96666;0.93523,0.9511917
D:\REGAN-Projek\THESIS\Dataset\Kawahara\release\images\NIL\Nil093.jpg,NIL/Nil093.jpg,KAW_758,Kawahara,3,43,external,stage2,densenet121,densenet121_proc_subsample,1,1,2,True,0.001633019,0.0033589005,0.6790513,0.6756924,0.5837542,0.49218;0.41608;0.39677;0.41087;0.39304;0.41935;0.36500;0.42620;0.42268;0.45381;0.38844;0.40380;0.44646;0.35689;0.52952;0.41052;0.44249;0.37731;0.44107;0.39077;0.47807;0.41662;0.40780;0.41365;0.39811;0.32842;0.45905;0.37262;0.43374;0.39601,0.41624582
D:\REGAN-Projek\THESIS\Dataset\Kawahara\release\images\NLL\nll014.jpg,NLL/nll014.jpg,KAW_759,Kawahara,3,43,external,stage2,densenet121,densenet121_proc_subsample,1,1,2,True,0.0008377266,0.0026880205,0.48036265,0.47767463,0.81400543,0.82233;0.86293;0.83073;0.83414;0.76612;0.80700;0.76172;0.84721;0.81757;0.82404;0.82061;0.82390;0.72584;0.82333;0.84885;0.83169;0.77628;0.80988;0.83373;0.80807;0.82418;0.85681;0.80007;0.79518;0.81435;0.81714;0.81801;0.83427;0.77764;0.80655,0.81400543
D:\REGAN-Projek\THESIS\Dataset\Kawahara\release\images\NML\Nml024.jpg,NML/Nml024.jpg,KAW_760,Kawahara,3,43,external,stage2,densenet121,densenet121_proc_subsample,1,1,2,True,0.0009759629,0.0036788285,0.43809325,0.43441442,0.84094876,0.84144;0.82404;0.82176;0.86362;0.84299;0.80054;0.81946;0.83960;0.83973;0.87082;0.88384;0.81903;0.85391;0.89571;0.87600;0.84286;0.81787;0.76839;0.84157;0.86568;0.88857;0.86465;0.78448;0.81287;0.81509;0.81874;0.85645;0.81611;0.84569;0.89698,0.84094876
D:\REGAN-Projek\THESIS\Dataset\Kawahara\release\images\NML\Nml073.jpg,NML/Nml073.jpg,KAW_761,Kawahara,3,43,external,stage2,densenet121,densenet121_proc_subsample,1,1,2,True,0.0010664638,0.0059680343,0.32007396,0.31410593,0.9022666,0.92523;0.88681;0.94187;0.90975;0.81728;0.85801;0.89387;0.89552;0.94068;0.91921;0.93270;0.92234;0.85561;0.89087;0.91197;0.90764;0.85919;0.94560;0.95815;0.93233;0.93511;0.89516;0.88504;0.90278;0.84235;0.87966;0.88991;0.90295;0.93767;0.89275,0.9022666
D:\REGAN-Projek\THESIS\Dataset\Kawahara\release\images\A1l\Aal002.jpg,A1l/Aal002.jpg,KAW_762,Kawahara,3,43,external,stage2,densenet121,densenet121_proc_subsample,1,1,2,True,0.0012236217,0.005229652,0.39099938,0.38576972,0.86755973,0.86983;0.78333;0.88404;0.89238;0.86625;0.84235;0.89405;0.91429;0.84013;0.88895;0.82741;0.81816;0.81611;0.89948;0.81874;0.86602;0.84260;0.86385;0.86177;0.81743;0.83842;0.88161;0.91150;0.91730;0.87987;0.90192;0.89461;0.91290;0.88563;0.89589,0.86755973
D:\REGAN-Projek\THESIS\Dataset\Kawahara\release\images\A1l\Aal002bis.jpg,A1l/Aal002bis.jpg,KAW_763,Kawahara,3,43,external,stage2,densenet121,densenet121_proc_subsample,1,1,2,True,0.002047879,0.005500078,0.5427542,0.5372541,0.7671022,0.79693;0.75833;0.71133;0.76612;0.76118;0.78744;0.82404;0.73431;0.83655;0.70233;0.81845;0.80807;0.76419;0.77831;0.78858;0.74540;0.73716;0.77012;0.72106;0.80038;0.80807;0.73374;0.78547;0.76118;0.82276;0.75383;0.79279;0.77029;0.77167;0.60300,0.7671022
D:\REGAN-Projek\THESIS\Dataset\Kawahara\release\images\Ael\Ael494.jpg,Ael/Ael494.jpg,KAW_764,Kawahara,3,43,external,stage2,densenet121,densenet121_proc_subsample,1,1,2,True,0.0037479848,0.007555127,0.693146,0.68559086,0.50076026,0.45832;0.44071;0.60230;0.52459;0.57213;0.52344;0.46754;0.49900;0.46181;0.34975;0.53154;0.49165;0.62749;0.56004;0.49638;0.46578;0.47880;0.43638;0.49522;0.54689;0.50743;0.54997;0.48961;0.43815;0.47730;0.51594;0.38705;0.43909;0.60708;0.53580,0.49923974
D:\REGAN-Projek\THESIS\Dataset\Kawahara\release\images\Gzl\gzl12.jpg,Gzl/gzl12.jpg,KAW_765,Kawahara,3,43,external,stage2,densenet121,densenet121_proc_subsample,1,1,2,True,0.0010947383,0.0047341585,0.37985185,0.3751177,0.8734104,0.87071;0.84222;0.90566;0.89331;0.89770;0.88444;0.86224;0.88161;0.80286;0.86793;0.89461;0.91715;0.88524;0.82190;0.88384;0.81138;0.91745;0.86994;0.88720;0.88934;0.86025;0.79262;0.89350;0.83960;0.88504;0.83973;0.88681;0.89823;0.91398;0.90582,0.8734104
D:\REGAN-Projek\THESIS\Dataset\Kawahara\release\images\Gzl\gzl26.jpg,Gzl/gzl26.jpg,KAW_766,Kawahara,3,43,external,stage2,densenet121,densenet121_proc_subsample,1,1,2,True,0.00047373347,0.0044736415,0.22212015,0.21764651,0.9417517,0.92107;0.92995;0.95663;0.93463;0.92536;0.95565;0.96036;0.97299;0.95078;0.95362;0.95524;0.94176;0.93698;0.92906;0.90499;0.91596;0.91460;0.96710;0.93487;0.93663;0.97374;0.94293;0.93652;0.90261;0.89965;0.94796;0.96584;0.97299;0.98024;0.93184,0.9417517
D:\REGAN-Projek\THESIS\Dataset\Kawahara\release\images\Gal\Gal220.jpg,Gal/Gal220.jpg,KAW_767,Kawahara,3,43,external,stage2,densenet121,densenet121_proc_subsample,1,1,2,True,0.002684769,0.0063623786,0.6201552,0.61379284,0.6886769,0.34687;0.34865;0.30965;0.29870;0.26512;0.34400;0.38243;0.36376;0.32008;0.26798;0.36342;0.29270;0.21800;0.24545;0.39946;0.31796;0.33917;0.30518;0.31122;0.21321;0.28348;0.30342;0.30539;0.38763;0.34180;0.21535;0.25018;0.35689;0.38272;0.25983,0.3113231
D:\REGAN-Projek\THESIS\Dataset\Kawahara\release\images\Gal\Gal262.jpg,Gal/Gal262.jpg,KAW_768,Kawahara,3,43,external,stage2,densenet121,densenet121_proc_subsample,1,1,2,True,0.0013505294,0.0073112547,0.33091646,0.3236052,0.8973271,0.08211;0.17582;0.16654;0.08152;0.04280;0.06031;0.12668;0.05350;0.09518;0.11818;0.10971;0.11437;0.09825;0.05792;0.13975;0.09569;0.08389;0.14463;0.07950;0.09418;0.07107;0.09620;0.10195;0.16763;0.10613;0.05921;0.09302;0.14792;0.05430;0.16225,0.10267286
D:\REGAN-Projek\THESIS\Dataset\Kawahara\release\images\Gal\Gal209.jpg,Gal/Gal209.jpg,KAW_769,Kawahara,3,43,external,stage2,densenet121,densenet121_proc_subsample,1,1,2,True,0.0046585714,0.0096104145,0.68117374,0.6715633,0.577219,0.46123;0.46014;0.38041;0.37148;0.33731;0.35925;0.39065;0.47896;0.40098;0.45665;0.41953;0.42841;0.51606;0.48048;0.39350;0.31711;0.46202;0.40563;0.38561;0.45045;0.30684;0.48365;0.56290;0.45308;0.33742;0.54686;0.49228;0.34842;0.31069;0.48543,0.42278102
D:\REGAN-Projek\THESIS\Dataset\Kawahara\release\images\FAL\FAL006.JPG,FAL/FAL006.JPG,KAW_770,Kawahara,3,43,external,stage2,densenet121,densenet121_proc_subsample,1,1,2,True,0.005896353,0.011946201,0.6925086,0.6805624,0.5178677,0.43045;0.47966;0.49631;0.48656;0.52484;0.30611;0.60212;0.52809;0.42114;0.50793;0.40521;0.62749;0.51945;0.50193;0.52266;0.36648;0.50969;0.51224;0.64400;0.46864;0.39712;0.53063;0.44481;0.46969;0.57129;0.53434;0.48928;0.39385;0.37468;0.39730,0.48213232
D:\REGAN-Projek\THESIS\Dataset\Kawahara\release\images\FAL\FAL094.JPG,FAL/FAL094.JPG,KAW_771,Kawahara,3,43,external,stage2,densenet121,densenet121_proc_subsample,1,1,2,True,0.0005858823,0.0034229755,0.30495694,0.30153397,0.9089515,0.89029;0.93475;0.91150;0.87472;0.91275;0.90414;0.92710;0.92065;0.92318;0.92841;0.92763;0.94165;0.85729;0.85931;0.93936;0.91551;0.91321;0.92736;0.91023;0.88263;0.93134;0.87589;0.90175;0.91611;0.93767;0.88344;0.89787;0.93134;0.92387;0.86760,0.9089515
D:\REGAN-Projek\THESIS\Dataset\Kawahara\release\images\FBL\FBL020.JPG,FBL/FBL020.JPG,KAW_772,Kawahara,3,43,external,stage2,densenet121,densenet121_proc_subsample,1,1,2,True,0.0005508565,0.0031484663,0.31261075,0.30946228,0.90559584,0.91641;0.88603;0.86397;0.90991;0.90070;0.94550;0.91566;0.89661;0.92776;0.88344;0.91150;0.86681;0.90698;0.91745;0.91566;0.92036;0.88740;0.84872;0.89461;0.90000;0.92192;0.86385;0.93109;0.93294;0.94002;0.92697;0.91165;0.92400;0.91197;0.88798,0.90559584
D:\REGAN-Projek\THESIS\Dataset\Kawahara\release\images\FCL\FCL056.JPG,FCL/FCL056.JPG,KAW_773,Kawahara,3,43,external,stage2,densenet121,densenet121_proc_subsample,1,1,2,True,0.0009186339,0.004699588,0.3493834,0.34468383,0.8886236,0.92536;0.93675;0.84822;0.93221;0.89859;0.92982;0.86224;0.92400;0.83868;0.84144;0.89387;0.92304;0.91701;0.87842;0.87397;0.91789;0.87748;0.84543;0.84809;0.87695;0.86465;0.87842;0.90943;0.90123;0.91429;0.87579;0.85681;0.91102;0.85501;0.90261,0.8886236
D:\REGAN-Projek\THESIS\Dataset\Kawahara\release\images\Fll\Fll047.jpg,Fll/Fll047.jpg,KAW_774,Kawahara,3,43,external,stage2,densenet121,densenet121_proc_subsample,1,1,2,True,0.0008511286,0.0043393075,0.30675435,0.30241504,0.90816873,0.90448;0.90910;0.91641;0.88202;0.91964;0.91611;0.88876;0.91804;0.90616;0.90959;0.91118;0.94438;0.91566;0.89312;0.92262;0.90616;0.90862;0.92304;0.91656;0.86568;0.92007;0.91551;0.90088;0.90227;0.77899;0.92710;0.93523;0.92093;0.95186;0.91490,0.90816873
D:\REGAN-Projek\THESIS\Dataset\Kawahara\release\images\FCL\FCL084.JPG,FCL/FCL084.JPG,KAW_775,Kawahara,3,43,external,stage2,densenet121,densenet121_proc_subsample,1,1,2,True,0.0045813713,0.011466682,0.5827296,0.5712629,0.7305314,0.17696;0.36602;0.28477;0.26904;0.19239;0.22644;0.29870;0.26455;0.46096;0.21321;0.20705;0.15317;0.38630;0.30291;0.20562;0.20850;0.27000;0.36580;0.21272;0.22001;0.32477;0.29098;0.23634;0.23581;0.32285;0.21240;0.29686;0.31827;0.29859;0.26209,0.2694686
D:\REGAN-Projek\THESIS\Dataset\Kawahara\release\images\FCL\Fcl092.jpg,FCL/Fcl092.jpg,KAW_776,Kawahara,3,43,external,stage2,densenet121,densenet121_proc_subsample,1,1,2,True,0.0016315227,0.0037696958,0.6196668,0.6158971,0.689291,0.68753;0.73791;0.78744;0.70151;0.69254;0.68141;0.72788;0.66028;0.67265;0.65853;0.69678;0.64758;0.54840;0.63386;0.68669;0.68532;0.70892;0.68098;0.71869;0.65279;0.71652;0.69771;0.67437;0.72253;0.70599;0.68616;0.71948;0.70355;0.72565;0.65908,0.689291
D:\REGAN-Projek\THESIS\Dataset\Kawahara\release\images\FFL\FFL068.JPG,FFL/FFL068.JPG,KAW_777,Kawahara,3,43,external,stage2,densenet121,densenet121_proc_subsample,1,1,2,True,0.0013583882,0.0076922476,0.3073758,0.29968354,0.90789735,0.90813;0.93858;0.91429;0.91611;0.86442;0.92509;0.94418;0.90175;0.88384;0.94303;0.94229;0.92332;0.88059;0.88876;0.94580;0.86258;0.90312;0.90261;0.94806;0.94198;0.80022;0.83868;0.94787;0.95023;0.86793;0.94679;0.93134;0.89965;0.86339;0.91228,0.90789735
D:\REGAN-Projek\THESIS\Dataset\Kawahara\release\images\Fll\Fll069.jpg,Fll/Fll069.jpg,KAW_778,Kawahara,3,43,external,stage2,densenet121,densenet121_proc_subsample,1,1,2,True,0.0033968948,0.0068402886,0.692801,0.6859607,0.51315564,0.37967;0.50881;0.50036;0.57457;0.50003;0.60440;0.58664;0.53221;0.50331;0.51807;0.52754;0.56674;0.48240;0.45302;0.53455;0.51420;0.42680;0.52990;0.53826;0.51294;0.60952;0.46165;0.61751;0.50192;0.59113;0.39059;0.48065;0.51071;0.47644;0.46011,0.51315564
D:\REGAN-Projek\THESIS\Dataset\Kawahara\release\images\Gbl\Gbl014.jpg,Gbl/Gbl014.jpg,KAW_779,Kawahara,3,43,external,stage2,densenet121,densenet121_proc_subsample,1,1,2,True,0.0010942932,0.0038352609,0.44429368,0.44045842,0.837194,0.86270;0.84247;0.77713;0.76029;0.86362;0.85990;0.84467;0.84645;0.75019;0.84351;0.86442;0.87354;0.86681;0.83196;0.85753;0.85824;0.83855;0.82375;0.80807;0.79230;0.87935;0.85741;0.85244;0.85342;0.82147;0.83251;0.82147;0.87343;0.86189;0.79629,0.837194
D:\REGAN-Projek\THESIS\Dataset\Kawahara\release\images\Gcl\Gcl058.jpg,Gcl/Gcl058.jpg,KAW_780,Kawahara,3,43,external,stage2,densenet121,densenet121_proc_subsample,1,1,2,True,0.0018049901,0.0072954,0.4192503,0.4119549,0.85198504,0.85657;0.89841;0.82460;0.80822;0.85597;0.83183;0.86883;0.81138;0.90715;0.91150;0.82713;0.86591;0.79359;0.82629;0.90295;0.80379;0.90910;0.87180;0.83004;0.86305;0.87568;0.83018;0.78100;0.88681;0.90632;0.87440;0.83155;0.81361;0.76348;0.92841,0.85198504
D:\REGAN-Projek\THESIS\Dataset\Kawahara\release\images\Gdl\Gdl012.jpg,Gdl/Gdl012.jpg,KAW_781,Kawahara,3,43,external,stage2,densenet121,densenet121_proc_subsample,1,1,2,True,0.00557059,0.011736631,0.6704874,0.6587508,0.60603803,0.56019;0.43518;0.59937;0.69492;0.58320;0.69936;0.56016;0.69987;0.63793;0.62384;0.54253;0.59496;0.64243;0.55142;0.48525;0.61936;0.64176;0.46929;0.65930;0.63330;0.69925;0.56422;0.50696;0.73278;0.56602;0.65135;0.73716;0.62955;0.56344;0.59679,0.60603803
D:\REGAN-Projek\THESIS\Dataset\Kawahara\release\images\Gdl\Gdl023.jpg,Gdl/Gdl023.jpg,KAW_782,Kawahara,3,43,external,stage2,densenet121,densenet121_proc_subsample,1,1,2,True,0.0005477174,0.004710719,0.22050205,0.21579133,0.942332,0.94407;0.91950;0.92617;0.97247;0.85801;0.91039;0.96316;0.96095;0.97767;0.93721;0.92776;0.92789;0.94282;0.94630;0.95768;0.94122;0.93084;0.97374;0.93046;0.92523;0.95712;0.94699;0.92944;0.96073;0.92577;0.95688;0.94155;0.96139;0.96880;0.94777,0.942332
D:\REGAN-Projek\THESIS\Dataset\Kawahara\release\images\Gdl\Gdl034.jpg,Gdl/Gdl034.jpg,KAW_783,Kawahara,3,43,external,stage2,densenet121,densenet121_proc_subsample,1,1,2,True,0.0023223637,0.0059324503,0.5672959,0.56136346,0.7454341,0.23388;0.22152;0.24256;0.29118;0.22372;0.22816;0.29310;0.26398;0.21667;0.18624;0.18301;0.22559;0.20260;0.22713;0.26588;0.30539;0.20705;0.26152;0.19330;0.23318;0.28587;0.26379;0.29169;0.42286;0.30208;0.24635;0.31944;0.24131;0.28299;0.27493,0.2545659
D:\REGAN-Projek\THESIS\Dataset\Kawahara\release\images\Gdl\Gdl089.jpg,Gdl/Gdl089.jpg,KAW_784,Kawahara,3,43,external,stage2,densenet121,densenet121_proc_subsample,1,1,2,True,0.002523143,0.00574404,0.6355007,0.6297567,0.6681219,0.30736;0.29829;0.41082;0.22355;0.30394;0.30913;0.32029;0.36263;0.24472;0.31489;0.26741;0.28517;0.40451;0.31542;0.33983;0.39309;0.33134;0.39858;0.27934;0.31595;0.38613;0.38329;0.31774;0.34147;0.32040;0.35009;0.41555;0.26058;0.37674;0.37811,0.33187813
D:\REGAN-Projek\THESIS\Dataset\Kawahara\release\images\Ggl\Ggl040.jpg,Ggl/Ggl040.jpg,KAW_785,Kawahara,3,43,external,stage2,densenet121,densenet121_proc_subsample,1,1,2,True,0.00061687,0.004242718,0.2659456,0.2617029,0.9251746,0.91892;0.92880;0.92931;0.91165;0.93196;0.94345;0.93629;0.95388;0.86838;0.92815;0.93270;0.91306;0.88263;0.94356;0.87935;0.94387;0.95266;0.90018;0.92079;0.92577;0.92723;0.92749;0.94366;0.94397;0.95606;0.93294;0.94324;0.86658;0.90397;0.96472,0.9251746
D:\REGAN-Projek\THESIS\Dataset\Kawahara\release\images\Ggl\Ggl054.jpg,Ggl/Ggl054.jpg,KAW_786,Kawahara,3,43,external,stage2,densenet121,densenet121_proc_subsample,1,1,2,True,0.0031499458,0.006366074,0.69164836,0.6852823,0.5273685,0.46023;0.52267;0.58148;0.54907;0.50731;0.64165;0.49352;0.56650;0.40433;0.49968;0.48039;0.56254;0.53425;0.48705;0.51993;0.55504;0.54768;0.54465;0.53956;0.63137;0.39292;0.53904;0.56185;0.49963;0.64344;0.48886;0.52383;0.52260;0.53394;0.48605,0.5273685
D:\REGAN-Projek\THESIS\Dataset\Kawahara\release\images\Fgl\Fgl006.jpg,Fgl/Fgl006.jpg,KAW_787,Kawahara,3,43,external,stage2,densenet121,densenet121_proc_subsample,1,1,2,True,0.001714057,0.0049277544,0.52952313,0.5245954,0.7779239,0.75708;0.76612;0.83695;0.81302;0.74261;0.75473;0.80655;0.76154;0.75347;0.80317;0.74817;0.80333;0.79246;0.80054;0.66996;0.68310;0.75762;0.82935;0.76295;0.77424;0.73602;0.81479;0.78629;0.78531;0.75887;0.77966;0.82432;0.74927;0.86247;0.82375,0.7779239
D:\REGAN-Projek\THESIS\Dataset\Kawahara\release\images\Fgl\Fgl061.jpg,Fgl/Fgl061.jpg,KAW_788,Kawahara,3,43,external,stage2,densenet121,densenet121_proc_subsample,1,1,2,True,0.000829469,0.0041531622,0.34762913,0.34347597,0.8894666,0.89787;0.86849;0.89350;0.92234;0.90532;0.90649;0.91715;0.91626;0.93499;0.91730;0.90499;0.89105;0.89068;0.86154;0.80852;0.89238;0.88642;0.84402;0.87695;0.85440;0.87946;0.88720;0.90363;0.86715;0.92867;0.87213;0.85121;0.93733;0.86224;0.90431,0.8894666
D:\REGAN-Projek\THESIS\Dataset\Kawahara\release\images\Fil\Fil010.jpg,Fil/Fil010.jpg,KAW_789,Kawahara,3,43,external,stage2,densenet121,densenet121_proc_subsample,1,1,2,True,0.0011925318,0.004317254,0.45586967,0.45155242,0.8300104,0.86883;0.80100;0.84784;0.86681;0.89859;0.84759;0.77848;0.83046;0.76489;0.82190;0.80333;0.84338;0.80958;0.83669;0.89200;0.81063;0.81390;0.76629;0.79771;0.80988;0.81859;0.82219;0.85645;0.88759;0.82375;0.86670;0.80333;0.86107;0.84922;0.80163,0.8300104
D:\REGAN-Projek\THESIS\Dataset\Kawahara\release\images\Fll\Fll126.jpg,Fll/Fll126.jpg,KAW_790,Kawahara,3,43,external,stage2,densenet121,densenet121_proc_subsample,1,1,2,True,0.0008961417,0.004693955,0.3214998,0.31680584,0.9016241,0.94079;0.92931;0.92697;0.92828;0.89643;0.88740;0.90018;0.89661;0.88642;0.91444;0.93947;0.83237;0.89105;0.91228;0.93343;0.89752;0.91819;0.92387;0.93428;0.87842;0.80425;0.89516;0.88701;0.90797;0.89238;0.91475;0.91715;0.87769;0.92150;0.86316,0.9016241
D:\REGAN-Projek\THESIS\Dataset\Kawahara\release\images\Fll\Fll128.jpg,Fll/Fll128.jpg,KAW_791,Kawahara,3,43,external,stage2,densenet121,densenet121_proc_subsample,1,1,2,True,0.00046302675,0.0032625198,0.27164352,0.268381,0.92289406,0.92789;0.88080;0.92400;0.93294;0.89068;0.92509;0.90959;0.94844;0.91819;0.88837;0.94929;0.90000;0.95606;0.90192;0.93755;0.93404;0.90813;0.94787;0.94777;0.90649;0.90414;0.89275;0.93698;0.92164;0.94046;0.92050;0.89841;0.95515;0.93790;0.94376,0.92289406
D:\REGAN-Projek\THESIS\Dataset\Kawahara\release\images\Fll\Fll130.jpg,Fll/Fll130.jpg,KAW_792,Kawahara,3,43,external,stage2,densenet121,densenet121_proc_subsample,1,1,2,True,0.0011548038,0.004596442,0.41652888,0.41193244,0.85353446,0.89625;0.79834;0.90431;0.87256;0.81242;0.83521;0.84518;0.88444;0.86072;0.84721;0.86454;0.90295;0.81509;0.83346;0.79518;0.82713;0.81714;0.86154;0.82190;0.85306;0.88484;0.89010;0.90975;0.88028;0.86107;0.85753;0.87472;0.86293;0.77662;0.85955,0.85353446
D:\REGAN-Projek\THESIS\Dataset\Kawahara\release\images\Fll\Fll136.jpg,Fll/Fll136.jpg,KAW_793,Kawahara,3,43,external,stage2,densenet121,densenet121_proc_subsample,1,1,2,True,0.00030980958,0.0019257963,0.2939465,0.2920207,0.9136772,0.93046;0.91804;0.92841;0.92192;0.94376;0.89143;0.87589;0.87727;0.90397;0.91641;0.89643;0.94219;0.89294;0.91086;0.91551;0.93134;0.92854;0.91475;0.93440;0.91641;0.92657;0.90482;0.91228;0.90582;0.92482;0.90862;0.91641;0.92523;0.91745;0.87737,0.9136772
D:\REGAN-Projek\THESIS\Dataset\Kawahara\release\images\New\newl045.jpg,New/newl045.jpg,KAW_794,Kawahara,3,43,external,stage2,densenet121,densenet121_proc_subsample,1,1,2,True,0.0013050431,0.004756272,0.44676033,0.44200405,0.8356826,0.86782;0.90070;0.83642;0.79391;0.76699;0.86726;0.81242;0.82797;0.83815;0.85549;0.83128;0.80973;0.87158;0.81685;0.80563;0.87246;0.82615;0.86131;0.90192;0.82573;0.87429;0.84910;0.84273;0.81845;0.85294;0.75473;0.77798;0.87504;0.84235;0.79311,0.8356826
D:\REGAN-Projek\THESIS\Dataset\Kawahara\release\images\New\newl055.jpg,New/newl055.jpg,KAW_795,Kawahara,3,43,external,stage2,densenet121,densenet121_proc_subsample,1,1,2,True,0.0014533359,0.0030408502,0.6681425,0.66510165,0.61134535,0.40574;0.41466;0.37045;0.34743;0.42119;0.32125;0.34499;0.43776;0.35981;0.38578;0.38613;0.42322;0.50115;0.39934;0.36376;0.39216;0.40716;0.37285;0.38503;0.39210;0.35891;0.35544;0.35064;0.35858;0.46196;0.36750;0.34687;0.43111;0.37926;0.41739,0.38865465
D:\REGAN-Projek\THESIS\Dataset\Kawahara\release\images\NBL\Nbl037.jpg,NBL/Nbl037.jpg,KAW_796,Kawahara,3,43,external,stage2,densenet121,densenet121_proc_subsample,1,1,2,False,0.0010557066,0.004062772,0.42905903,0.42499626,0.84630865,0.83629;0.85943;0.82061;0.80958;0.84312;0.80517;0.86258;0.76786;0.88934;0.86949;0.86316;0.87904;0.87386;0.85669;0.81212;0.81655;0.78988;0.83669;0.88953;0.90959;0.88524;0.85416;0.83454;0.82949;0.88740;0.83495;0.82119;0.85633;0.82643;0.86894,0.84630865
D:\REGAN-Projek\THESIS\Dataset\Kawahara\release\images\NBL\Nbl040.jpg,NBL/Nbl040.jpg,KAW_797,Kawahara,3,43,external,stage2,densenet121,densenet121_proc_subsample,1,1,2,False,0.001283835,0.002595961,0.68752897,0.684933,0.55295146,0.53331;0.59532;0.56188;0.61272;0.49842;0.58261;0.54985;0.55390;0.57958;0.52114;0.55923;0.47340;0.56866;0.48016;0.59143;0.59290;0.55100;0.55435;0.55649;0.52331;0.55474;0.54180;0.59585;0.58788;0.53179;0.58599;0.52657;0.49109;0.53841;0.59479,0.55295146
D:\REGAN-Projek\THESIS\Dataset\Kawahara\release\images\NBL\Nbl044.jpg,NBL/Nbl044.jpg,KAW_798,Kawahara,3,43,external,stage2,densenet121,densenet121_proc_subsample,1,1,2,False,0.0004756224,0.0030648112,0.28418654,0.28112173,0.91776824,0.91070;0.86465;0.93319;0.89734;0.91993;0.89787;0.91819;0.94314;0.95105;0.91086;0.92536;0.94387;0.89068;0.92022;0.93640;0.93475;0.93824;0.94428;0.92373;0.86827;0.91181;0.92604;0.94806;0.90926;0.91551;0.88779;0.89162;0.92854;0.91935;0.92234,0.91776824
D:\REGAN-Projek\THESIS\Dataset\Kawahara\release\images\NBL\Nbl048.jpg,NBL/Nbl048.jpg,KAW_799,Kawahara,3,43,external,stage2,densenet121,densenet121_proc_subsample,1,1,2,False,5.3724994e-05,0.0011875853,0.10644435,0.105256766,0.9778099,0.96766;0.97920;0.97746;0.97199;0.97434;0.98276;0.98077;0.97069;0.97867;0.97982;0.97463;0.98058;0.97146;0.95293;0.98024;0.97530;0.98295;0.96944;0.98124;0.98095;0.98516;0.98983;0.97473;0.98604;0.97399;0.97283;0.99105;0.98201;0.98102;0.98458,0.9778099
D:\REGAN-Projek\THESIS\Dataset\Kawahara\release\images\NBL\NBL049.JPG,NBL/NBL049.JPG,KAW_800,Kawahara,3,43,external,stage2,densenet121,densenet121_proc_subsample,1,1,2,False,0.0030471897,0.008020461,0.5670846,0.55906415,0.7456307,0.69720;0.70243;0.75256;0.77560;0.79677;0.75074;0.73278;0.85047;0.61306;0.68648;0.73526;0.75473;0.82741;0.80746;0.74130;0.67737;0.70365;0.76647;0.70253;0.76664;0.68669;0.81108;0.76242;0.63091;0.73640;0.81728;0.76925;0.77202;0.80670;0.73526,0.7456307
D:\REGAN-Projek\THESIS\Dataset\Kawahara\release\images\NBL\Nbl054.jpg,NBL/Nbl054.jpg,KAW_801,Kawahara,3,43,external,stage2,densenet121,densenet121_proc_subsample,1,1,2,False,0.0021424606,0.005374491,0.5860174,0.5806429,0.72720665,0.72007;0.71223;0.66823;0.80178;0.67854;0.68532;0.73923;0.74872;0.75833;0.75510;0.69513;0.78382;0.68753;0.73374;0.78183;0.71899;0.75510;0.72165;0.76524;0.81932;0.74223;0.75976;0.73039;0.67093;0.73469;0.66083;0.67715;0.76029;0.74872;0.60130,0.72720665
D:\REGAN-Projek\THESIS\Dataset\Kawahara\release\images\NBL\Nbl074.jpg,NBL/Nbl074.jpg,KAW_802,Kawahara,3,43,external,stage2,densenet121,densenet121_proc_subsample,1,1,2,False,0.00028685958,0.0033309907,0.17805591,0.17472492,0.95677674,0.96253;0.92749;0.97304;0.95696;0.92617;0.95631;0.97309;0.96518;0.93778;0.96628;0.97525;0.97035;0.92022;0.94939;0.94660;0.96571;0.97183;0.95414;0.95838;0.97604;0.95362;0.95688;0.97776;0.97156;0.95132;0.95105;0.98024;0.92079;0.93914;0.96820,0.95677674
D:\REGAN-Projek\THESIS\Dataset\Kawahara\release\images\NGL\Ngl006.jpg,NGL/Ngl006.jpg,KAW_803,Kawahara,3,43,external,stage2,densenet121,densenet121_proc_subsample,1,1,2,False,0.0005060533,0.0043298006,0.23184709,0.22751729,0.93821645,0.92749;0.96564;0.95013;0.95032;0.93640;0.94448;0.91023;0.90414;0.91228;0.96412;0.94303;0.91306;0.94428;0.88069;0.92332;0.93428;0.93991;0.91566;0.94560;0.94387;0.96459;0.96036;0.94510;0.93582;0.96168;0.90878;0.96385;0.91686;0.97443;0.96609,0.93821645
D:\REGAN-Projek\THESIS\Dataset\Kawahara\release\images\NGL\Ngl057.jpg,NGL/Ngl057.jpg,KAW_804,Kawahara,3,43,external,stage2,densenet121,densenet121_proc_subsample,1,1,2,False,0.0013017171,0.0039995313,0.51229477,0.50829524,0.79125077,0.76891;0.74632;0.74466;0.77611;0.82390;0.73183;0.83346;0.85257;0.75292;0.76172;0.77150;0.81123;0.82446;0.72807;0.79359;0.78083;0.81641;0.86670;0.84746;0.81063;0.76960;0.79246;0.79343;0.81242;0.75437;0.82119;0.79262;0.78777;0.82076;0.74964,0.79125077
D:\REGAN-Projek\THESIS\Dataset\Kawahara\release\images\NGL\Ngl015.jpg,NGL/Ngl015.jpg,KAW_805,Kawahara,3,43,external,stage2,densenet121,densenet121_proc_subsample,1,1,2,False,0.0012790955,0.0044563115,0.4623096,0.4578533,0.8259119,0.84130;0.88895;0.83128;0.83046;0.79771;0.79724;0.85966;0.81257;0.84130;0.86305;0.73905;0.85208;0.82503;0.78116;0.76136;0.83535;0.81063;0.85195;0.86154;0.87115;0.80116;0.83237;0.81257;0.78382;0.89256;0.82825;0.81874;0.86647;0.78728;0.80131,0.8259119
D:\REGAN-Projek\THESIS\Dataset\Kawahara\release\images\NHL\Nhl017.jpg,NHL/Nhl017.jpg,KAW_806,Kawahara,3,43,external,stage2,densenet121,densenet121_proc_subsample,1,1,2,False,0.00016149598,0.002940908,0.11629455,0.11335364,0.975167,0.97924;0.96302;0.97515;0.95631;0.98723;0.97676;0.96673;0.96635;0.99098;0.96710;0.96784;0.93109;0.99010;0.98360;0.97506;0.98039;0.98738;0.96673;0.97439;0.95023;0.98458;0.98229;0.98289;0.97576;0.98138;0.98813;0.97986;0.97982;0.98229;0.98236,0.975167
D:\REGAN-Projek\THESIS\Dataset\Kawahara\release\images\NIL\Nil062.jpg,NIL/Nil062.jpg,KAW_807,Kawahara,3,43,external,stage2,densenet121,densenet121_proc_subsample,1,1,2,False,0.00010283376,0.0013520867,0.1664266,0.16507451,0.9604766,0.95862;0.97257;0.96267;0.96747;0.95195;0.96351;0.96253;0.97715;0.95050;0.97178;0.96196;0.95938;0.95655;0.94699;0.94068;0.96088;0.94448;0.96323;0.94640;0.95275;0.97074;0.95159;0.96330;0.97520;0.97183;0.95712;0.96704;0.96956;0.94229;0.97354,0.9604766
D:\REGAN-Projek\THESIS\Dataset\Kawahara\release\images\NIL\Nil086.jpg,NIL/Nil086.jpg,KAW_808,Kawahara,3,43,external,stage2,densenet121,densenet121_proc_subsample,1,1,2,False,0.0012557174,0.004741907,0.43015367,0.42541176,0.84566605,0.90862;0.89442;0.84872;0.82004;0.85367;0.87016;0.84312;0.86084;0.84860;0.82838;0.82769;0.89805;0.74484;0.85681;0.87104;0.82004;0.83059;0.83921;0.76943;0.82004;0.85220;0.85777;0.82004;0.80022;0.87180;0.86002;0.86385;0.90582;0.85391;0.83004,0.84566605
D:\REGAN-Projek\THESIS\Dataset\Kawahara\release\images\NML\Nml020.jpg,NML/Nml020.jpg,KAW_809,Kawahara,3,43,external,stage2,densenet121,densenet121_proc_subsample,1,1,2,False,0.0046815914,0.009458125,0.6922904,0.6828323,0.52069443,0.52482;0.45039;0.55809;0.41626;0.40875;0.48640;0.59273;0.49063;0.53434;0.61011;0.41306;0.42155;0.39876;0.54864;0.45341;0.41005;0.58148;0.32756;0.50889;0.48185;0.54631;0.52829;0.41680;0.48924;0.45586;0.35443;0.51419;0.47847;0.51993;0.45786,0.47930557
D:\REGAN-Projek\THESIS\Dataset\Kawahara\release\images\NML\Nml081.jpg,NML/Nml081.jpg,KAW_810,Kawahara,3,43,external,stage2,densenet121,densenet121_proc_subsample,1,1,2,False,0.005748389,0.013829231,0.6064203,0.59259105,0.7051696,0.30342;0.14235;0.36286;0.27029;0.32853;0.25349;0.23423;0.44526;0.27406;0.28797;0.26303;0.20834;0.43368;0.20166;0.25609;0.36060;0.32961;0.24328;0.29625;0.17065;0.25423;0.27096;0.32616;0.25720;0.30157;0.38329;0.36150;0.26246;0.28121;0.48068,0.29483038
D:\REGAN-Projek\THESIS\Dataset\Kawahara\release\images\Ael\Ael498.jpg,Ael/Ael498.jpg,KAW_811,Kawahara,3,43,external,stage2,densenet121,densenet121_proc_subsample,1,1,2,False,0.00090582576,0.0046150386,0.34321427,0.33859923,0.89157283,0.82474;0.92248;0.90175;0.86500;0.92482;0.89983;0.93499;0.87418;0.87758;0.92164;0.90991;0.92867;0.88263;0.88720;0.92697;0.85109;0.86670;0.90380;0.86442;0.93258;0.91460;0.91165;0.86351;0.83789;0.90346;0.90380;0.84235;0.90018;0.86095;0.90780,0.89157283
D:\REGAN-Projek\THESIS\Dataset\Kawahara\release\images\Ael\Ael514.jpg,Ael/Ael514.jpg,KAW_812,Kawahara,3,43,external,stage2,densenet121,densenet121_proc_subsample,1,1,2,False,0.00096958317,0.0023133755,0.6123164,0.61000305,0.69827783,0.72458;0.73077;0.65523;0.70120;0.64007;0.73488;0.70416;0.67630;0.70273;0.64277;0.65401;0.77932;0.71333;0.65699;0.70406;0.72204;0.70831;0.69720;0.72165;0.72565;0.67779;0.66552;0.72691;0.68574;0.70700;0.71572;0.67747;0.72720;0.69482;0.67491,0.69827783
D:\REGAN-Projek\THESIS\Dataset\Kawahara\release\images\Gzl\gzl64.jpg,Gzl/gzl64.jpg,KAW_813,Kawahara,3,43,external,stage2,densenet121,densenet121_proc_subsample,1,1,2,False,0.000923482,0.004642695,0.34661493,0.34197223,0.88995236,0.90878;0.82004;0.84947;0.89350;0.86681;0.89716;0.91275;0.92957;0.87695;0.91701;0.88759;0.87158;0.90397;0.89734;0.87418;0.90157;0.85978;0.86258;0.88740;0.85824;0.94863;0.92657;0.89461;0.88524;0.90943;0.91368;0.88914;0.81390;0.92944;0.91165,0.88995236
D:\REGAN-Projek\THESIS\Dataset\Kawahara\release\images\Gzl\gzl78.jpg,Gzl/gzl78.jpg,KAW_814,Kawahara,3,43,external,stage2,densenet121,densenet121_proc_subsample,1,1,2,False,0.0017132988,0.005327821,0.50051045,0.49518263,0.79992205,0.80685;0.74854;0.86072;0.76101;0.77747;0.80425;0.70436;0.80988;0.82503;0.83789;0.77577;0.77407;0.76295;0.83762;0.79198;0.86200;0.78316;0.83128;0.78793;0.84922;0.84860;0.85860;0.79359;0.85084;0.72350;0.78200;0.78448;0.81153;0.73278;0.81975,0.79992205
D:\REGAN-Projek\THESIS\Dataset\Kawahara\release\images\FCL\FCL054.JPG,FCL/FCL054.JPG,KAW_815,Kawahara,3,43,external,stage2,densenet121,densenet121_proc_subsample,1,1,2,False,0.0024022989,0.0071157813,0.52574253,0.51862675,0.78091884,0.14367;0.23301;0.13478;0.29159;0.23758;0.17245;0.30105;0.32381;0.26474;0.27552;0.19072;0.15457;0.21240;0.20466;0.26058;0.17357;0.25908;0.20040;0.23634;0.17967;0.12776;0.24095;0.20355;0.22051;0.26039;0.20577;0.19345;0.17259;0.25238;0.24490,0.21908115
D:\REGAN-Projek\THESIS\Dataset\Kawahara\release\images\FCL\Fcl068.jpg,FCl/Fcl068.jpg,KAW_816,Kawahara,3,43,external,stage2,densenet121,densenet121_proc_subsample,1,1,2,False,0.00063797884,0.0032981634,0.3399368,0.33663863,0.8931225,0.92192;0.91656;0.91429;0.84860;0.90910;0.86557;0.88182;0.90482;0.89368;0.92957;0.84922;0.88384;0.90346;0.90975;0.86131;0.92442;0.90698;0.83142;0.89912;0.87536;0.87082;0.89734;0.88504;0.88028;0.88008;0.93675;0.92332;0.89589;0.88622;0.90715,0.8931225
D:\REGAN-Projek\THESIS\Dataset\Kawahara\release\images\FDL\FDL052.JPG,FDL/FDL052.JPG,KAW_817,Kawahara,3,43,external,stage2,densenet121,densenet121_proc_subsample,1,1,2,False,0.0012627386,0.004359424,0.45649588,0.45213646,0.8296152,0.86545;0.86692;0.83305;0.80131;0.76331;0.83722;0.73905;0.84935;0.84972;0.83373;0.82517;0.82018;0.80852;0.77730;0.82304;0.81538;0.86827;0.79454;0.86894;0.88324;0.83828;0.82262;0.85072;0.85330;0.86465;0.80256;0.76647;0.86591;0.82769;0.87256,0.8296152
D:\REGAN-Projek\THESIS\Dataset\Kawahara\release\images\Gcl\Gcl039.jpg,Gcl/Gcl039.jpg,KAW_818,Kawahara,3,43,external,stage2,densenet121,densenet121_proc_subsample,1,1,2,False,0.0035248375,0.007447839,0.6708248,0.663377,0.6052515,0.59731;0.55932;0.72477;0.60118;0.61590;0.55872;0.55453;0.54550;0.58853;0.60726;0.61976;0.63771;0.63284;0.59060;0.50478;0.61457;0.55830;0.69129;0.68732;0.54386;0.61509;0.59479;0.46584;0.61820;0.72497;0.54004;0.66964;0.66661;0.58611;0.64221,0.6052515
D:\REGAN-Projek\THESIS\Dataset\Kawahara\release\images\Gcl\Gcl052.jpg,Gcl/Gcl052.jpg,KAW_819,Kawahara,3,43,external,stage2,densenet121,densenet121_proc_subsample,1,1,2,False,0.0045309644,0.010978103,0.6010389,0.5900608,0.7112387,0.67512;0.75165;0.67992;0.69637;0.73961;0.80471;0.77509;0.54126;0.73980;0.71909;0.64735;0.70568;0.58303;0.74317;0.82935;0.73507;0.69523;0.72390;0.80776;0.67082;0.65313;0.68257;0.78432;0.72981;0.80928;0.67158;0.57761;0.69637;0.75347;0.71503,0.7112387
D:\REGAN-Projek\THESIS\Dataset\Kawahara\release\images\Fgl\Fgl044.jpg,Fgl/Fgl044.jpg,KAW_820,Kawahara,3,43,external,stage2,densenet121,densenet121_proc_subsample,1,1,2,False,0.0005511405,0.0029141903,0.3500345,0.3471203,0.88830984,0.87632;0.87915;0.90975;0.90346;0.88100;0.86692;0.88740;0.88837;0.90926;0.88642;0.88324;0.88324;0.87483;0.93071;0.88202;0.86760;0.88504;0.86782;0.87429;0.90780;0.84260;0.89219;0.90894;0.88141;0.94570;0.83575;0.93605;0.90000;0.88121;0.88080,0.88830984
D:\REGAN-Projek\THESIS\Dataset\Kawahara\release\images\Fil\Fil008.jpg,Fil/Fil008.jpg,KAW_821,Kawahara,3,43,external,stage2,densenet121,densenet121_proc_subsample,1,1,2,False,0.00145093,0.0038330555,0.5626064,0.55877334,0.74975294,0.73469;0.71790;0.74595;0.71997;0.75383;0.75347;0.74373;0.73029;0.73564;0.79708;0.73374;0.78744;0.68162;0.65456;0.79295;0.76366;0.73923;0.76313;0.76977;0.73583;0.79198;0.74036;0.66758;0.82333;0.76856;0.77184;0.79311;0.72311;0.75690;0.80131,0.74975294
D:\REGAN-Projek\THESIS\Dataset\Kawahara\release\images\Fil\Fil040.jpg,Fil/Fil040.jpg,KAW_822,Kawahara,3,43,external,stage2,densenet121,densenet121_proc_subsample,1,1,2,False,0.00228431,0.004604757,0.6915891,0.68698436,0.52790403,0.49120;0.50401;0.47726;0.43776;0.52569;0.48986;0.48699;0.56416;0.41769;0.40269;0.49456;0.55302;0.46162;0.46341;0.52528;0.49831;0.40586;0.46153;0.37783;0.50941;0.44680;0.37817;0.49698;0.49397;0.47906;0.49728;0.52881;0.40875;0.45853;0.42638,0.47209597
D:\REGAN-Projek\THESIS\Dataset\Kawahara\release\images\New\newl036.jpg,New/newl036.jpg,KAW_823,Kawahara,3,43,external,stage2,densenet121,densenet121_proc_subsample,1,1,2,False,0.00044754834,0.0027671158,0.30255526,0.29978815,0.90999246,0.93319;0.94229;0.90278;0.92414;0.88779;0.92262;0.89912;0.91892;0.88662;0.91892;0.92304;0.91181;0.91023;0.90123;0.90123;0.89087;0.89029;0.88524;0.88798;0.92906;0.94068;0.91070;0.92079;0.89607;0.95524;0.91306;0.93440;0.85488;0.88681;0.91979,0.90999246
