img_path,image_id,patient_id,source,fold,seed,split,stage,backbone,tag,y_true_mis_miv,y_true_bt,y_true_3class,ambiguous_cutoff,var_epistemic,bald,entropy_total,entropy_aleatoric,msp,mc_samples,p_bt_mean
D:\REGAN-Projek\THESIS\Dataset\Kawahara\release\images\NAL\Nal020.jpg,NAL/Nal020.jpg,KAW_577,Kawahara,3,44,external,stage2,densenet121,densenet121_proc_subsample,0,,0,False,0.0038330432,0.0077429414,0.6909566,0.68321365,0.53308344,0.54380;0.43344;0.55827;0.52656;0.38451;0.53276;0.46554;0.55462;0.53264;0.49406;0.35176;0.44276;0.53555;0.44903;0.43572;0.37285;0.44982;0.54226;0.43404;0.54828;0.43158;0.51923;0.49035;0.41846;0.41259;0.41093;0.40551;0.50019;0.35768;0.47271,0.46691656
D:\REGAN-Projek\THESIS\Dataset\Kawahara\release\images\NAL\Nal022.jpg,NAL/Nal022.jpg,KAW_578,Kawahara,3,44,external,stage2,densenet121,densenet121_proc_subsample,0,,0,False,0.0036699942,0.0074831843,0.68490374,0.67742056,0.56411225,0.45220;0.58237;0.56722;0.53516;0.57857;0.65313;0.48861;0.54283;0.50130;0.53844;0.61277;0.59172;0.61358;0.59661;0.49338;0.60952;0.50476;0.53992;0.65313;0.42740;0.50961;0.58729;0.65501;0.62521;0.59131;0.61624;0.49286;0.57081;0.65512;0.53728,0.56411225
D:\REGAN-Projek\THESIS\Dataset\Kawahara\release\images\NAL\Nal037.jpg,NAL/Nal037.jpg,KAW_579,Kawahara,3,44,external,stage2,densenet121,densenet121_proc_subsample,0,,0,False,0.002554428,0.005290687,0.6774312,0.67214054,0.58841234,0.37559;0.37903;0.39753;0.49234;0.48100;0.39414;0.37342;0.45057;0.36625;0.38798;0.43764;0.35903;0.45686;0.40757;0.42614;0.34920;0.47675;0.49458;0.46937;0.30611;0.37148;0.49666;0.40010;0.45096;0.35153;0.41342;0.39583;0.39613;0.33830;0.45211,0.41158766
D:\REGAN-Projek\THESIS\Dataset\Kawahara\release\images\NAL\Nal044.jpg,NAL/Nal044.jpg,KAW_580,Kawahara,3,44,external,stage2,densenet121,densenet121_proc_subsample,0,,0,False,0.0016821981,0.0063019395,0.43569058,0.42938864,0.8423869,0.13029;0.13835;0.16776;0.10913;0.11941;0.16278;0.19391;0.15559;0.20292;0.16040;0.24563;0.12464;0.13707;0.14463;0.21585;0.12571;0.17853;0.09930;0.13661;0.17910;0.20292;0.09501;0.13881;0.16358;0.16158;0.15714;0.19452;0.15128;0.25590;0.08007,0.15761308
D:\REGAN-Projek\THESIS\Dataset\Kawahara\release\images\NAL\Nal047.jpg,NAL/Nal047.jpg,KAW_581,Kawahara,3,44,external,stage2,densenet121,densenet121_proc_subsample,0,,0,False,2.5031859e-05,0.0010726564,0.059837773,0.058765117,0.98915756,0.98854;0.99132;0.98723;0.99302;0.98080;0.99356;0.98222;0.97971;0.99413;0.99517;0.99105;0.99260;0.99438;0.98849;0.99181;0.98626;0.99037;0.98538;0.98943;0.99091;0.99059;0.97867;0.99420;0.99282;0.98599;0.97676;0.99087;0.99115;0.99409;0.99320,0.98915756
D:\REGAN-Projek\THESIS\Dataset\Kawahara\release\images\NAL\Nal066.jpg,NAL/Nal066.jpg,KAW_582,Kawahara,3,44,external,stage2,densenet121,densenet121_proc_subsample,0,,0,False,0.0011995204,0.0045301914,0.4323853,0.4278551,0.8443502,0.83615;0.81287;0.86625;0.81816;0.78907;0.87568;0.83183;0.85681;0.87289;0.81003;0.86670;0.82741;0.80085;0.80700;0.87126;0.88563;0.77373;0.85367;0.87343;0.85836;0.77526;0.84013;0.87589;0.87213;0.89219;0.81048;0.84872;0.91023;0.86270;0.85501,0.8443502
D:\REGAN-Projek\THESIS\Dataset\Kawahara\release\images\NAL\Nal073.jpg,NAL/Nal073.jpg,KAW_583,Kawahara,3,44,external,stage2,densenet121,densenet121_proc_subsample,0,,0,False,0.002072113,0.005923867,0.53709406,0.5311702,0.7717985,0.77236;0.73029;0.81331;0.73848;0.85488;0.76313;0.79053;0.78580;0.74835;0.72759;0.72017;0.79724;0.81903;0.76172;0.77577;0.76189;0.82347;0.84645;0.70579;0.83881;0.79343;0.77133;0.66888;0.82033;0.80913;0.72759;0.74186;0.80867;0.71183;0.72584,0.7717985
D:\REGAN-Projek\THESIS\Dataset\Kawahara\release\images\NAL\Nal075.jpg,NAL/Nal075.jpg,KAW_584,Kawahara,3,44,external,stage2,densenet121,densenet121_proc_subsample,0,,0,False,0.00094195886,0.0059960783,0.25076136,0.24476528,0.9311088,0.06816;0.06879;0.06979;0.19884;0.07682;0.05613;0.06866;0.06742;0.03927;0.04264;0.06395;0.06706;0.05634;0.04001;0.05644;0.03622;0.06031;0.06967;0.11496;0.06313;0.04832;0.07005;0.10632;0.05400;0.05204;0.03942;0.05676;0.10990;0.06779;0.07752,0.068891205
D:\REGAN-Projek\THESIS\Dataset\Kawahara\release\images\NAL\Nal077.jpg,NAL/Nal077.jpg,KAW_585,Kawahara,3,44,external,stage2,densenet121,densenet121_proc_subsample,0,,0,False,0.002002056,0.0066662133,0.4822464,0.4755802,0.8127257,0.80624;0.85585;0.72875;0.77577;0.80240;0.77781;0.83046;0.86420;0.78547;0.76331;0.86095;0.78316;0.86647;0.73810;0.76664;0.85836;0.85121;0.81989;0.83908;0.79897;0.76612;0.88740;0.87557;0.82963;0.75219;0.83749;0.88563;0.80487;0.76489;0.80487,0.8127257
D:\REGAN-Projek\THESIS\Dataset\Kawahara\release\images\NAL\Nal080.jpg,NAL/Nal080.jpg,KAW_586,Kawahara,3,44,external,stage2,densenet121,densenet121_proc_subsample,0,,0,False,0.0013538091,0.004073739,0.5119863,0.5079126,0.79148215,0.30177;0.18758;0.24418;0.20882;0.25479;0.22101;0.24042;0.22695;0.15292;0.16858;0.21552;0.22001;0.19993;0.18922;0.25000;0.17162;0.27620;0.23179;0.15015;0.22321;0.18624;0.19315;0.19315;0.19946;0.21371;0.16358;0.19900;0.24853;0.14978;0.17427,0.20851786
D:\REGAN-Projek\THESIS\Dataset\Kawahara\release\images\NAL\Nal082.jpg,NAL/Nal082.jpg,KAW_587,Kawahara,3,44,external,stage2,densenet121,densenet121_proc_subsample,0,,0,False,0.0017006983,0.0039001107,0.6283445,0.62444437,0.6780313,0.34499;0.33448;0.41656;0.28687;0.31700;0.32381;0.30095;0.30095;0.31880;0.36410;0.33015;0.33884;0.39013;0.33939;0.32370;0.28279;0.38949;0.40592;0.31965;0.30715;0.30188;0.21800;0.32402;0.27953;0.29604;0.30394;0.33950;0.26455;0.29533;0.30054,0.32196867
D:\REGAN-Projek\THESIS\Dataset\Kawahara\release\images\NAL\Nal084.jpg,NAL/Nal084.jpg,KAW_588,Kawahara,3,44,external,stage2,densenet121,densenet121_proc_subsample,0,,0,False,0.0018221266,0.0047835708,0.5653516,0.56056803,0.7472358,0.28319;0.26474;0.24908;0.22885;0.28667;0.30280;0.22885;0.24436;0.35734;0.23740;0.25795;0.19667;0.20514;0.26322;0.19869;0.28329;0.30384;0.26760;0.22051;0.20979;0.25964;0.23318;0.25908;0.24509;0.35376;0.16996;0.28388;0.19775;0.22627;0.26436,0.25276425
D:\REGAN-Projek\THESIS\Dataset\Kawahara\release\images\NAL\Nal088.jpg,NAL/Nal088.jpg,KAW_589,Kawahara,3,44,external,stage2,densenet121,densenet121_proc_subsample,0,,0,False,0.0009561433,0.004858464,0.3501293,0.34527084,0.8882641,0.83468;0.88404;0.87579;0.87685;0.93980;0.89805;0.91321;0.90175;0.85476;0.89479;0.89516;0.83802;0.93109;0.85072;0.87674;0.85669;0.89661;0.87126;0.89877;0.90665;0.90018;0.88720;0.91228;0.91368;0.90414;0.89752;0.84170;0.94986;0.82347;0.92248,0.8882641
D:\REGAN-Projek\THESIS\Dataset\Kawahara\release\images\NAL\Nal090.jpg,NAL/Nal090.jpg,KAW_590,Kawahara,3,44,external,stage2,densenet121,densenet121_proc_subsample,0,,0,False,0.004155904,0.008435428,0.69093704,0.6825016,0.53323066,0.55610;0.55046;0.59331;0.54032;0.45617;0.48240;0.59990;0.45390;0.38723;0.46718;0.48957;0.53133;0.54359;0.53583;0.51490;0.56919;0.56290;0.64064;0.44668;0.68857;0.49996;0.55935;0.48733;0.58510;0.49446;0.65191;0.50177;0.56224;0.48158;0.56308,0.53323066
D:\REGAN-Projek\THESIS\Dataset\Kawahara\release\images\NAL\Nal052.jpg,NAL/Nal052.jpg,KAW_591,Kawahara,3,44,external,stage2,densenet121,densenet121_proc_subsample,0,,0,False,0.0008474597,0.001719892,0.6859629,0.684243,0.55986255,0.41123;0.42000;0.44402;0.47250;0.42793;0.46250;0.39263;0.50025;0.46266;0.40398;0.42895;0.42614;0.48931;0.44179;0.47016;0.40257;0.48579;0.48550;0.44309;0.39385;0.44167;0.45799;0.44915;0.42943;0.44472;0.40757;0.40245;0.44800;0.42149;0.43680,0.44013745
D:\REGAN-Projek\THESIS\Dataset\Kawahara\release\images\NAL\Nal099.jpg,NAL/Nal099.jpg,KAW_592,Kawahara,3,44,external,stage2,densenet121,densenet121_proc_subsample,0,,0,False,0.0010462791,0.0051510036,0.34810218,0.34295118,0.8892396,0.12137;0.08285;0.07724;0.08094;0.16804;0.15896;0.11596;0.08898;0.08866;0.13835;0.18550;0.10632;0.14057;0.07780;0.08007;0.11299;0.07464;0.07018;0.09982;0.14283;0.15727;0.08679;0.11536;0.09586;0.07185;0.10650;0.15495;0.14391;0.08835;0.08993,0.1107604
D:\REGAN-Projek\THESIS\Dataset\Kawahara\release\images\NBL\Nbl001.jpg,NBL/Nbl001.jpg,KAW_593,Kawahara,3,44,external,stage2,densenet121,densenet121_proc_subsample,0,,0,False,0.001666211,0.0057991743,0.46593937,0.4601402,0.8235683,0.79423;0.74447;0.84390;0.89930;0.87915;0.84428;0.77253;0.89734;0.80441;0.83495;0.77915;0.75110;0.82319;0.84078;0.84170;0.79486;0.84454;0.78662;0.81212;0.81287;0.81479;0.85158;0.79693;0.86983;0.75726;0.85836;0.86119;0.83709;0.79085;0.86771,0.8235683
D:\REGAN-Projek\THESIS\Dataset\Kawahara\release\images\NBL\Nbl007.jpg,NBL/Nbl007.jpg,KAW_594,Kawahara,3,44,external,stage2,densenet121,densenet121_proc_subsample,0,,0,False,0.00050805917,0.0030620098,0.2885719,0.28550988,0.9159413,0.92150;0.92590;0.89716;0.91819;0.93891;0.92802;0.92290;0.84157;0.92944;0.93969;0.91906;0.89894;0.89877;0.91197;0.92373;0.88324;0.90499;0.92482;0.94366;0.91979;0.87158;0.94600;0.94324;0.92523;0.93033;0.92093;0.91950;0.91877;0.88464;0.92577,0.9159413
D:\REGAN-Projek\THESIS\Dataset\Kawahara\release\images\NBL\Nbl010.jpg,NBL/Nbl010.jpg,KAW_595,Kawahara,3,44,external,stage2,densenet121,densenet121_proc_subsample,0,,0,False,0.00040633866,0.002860546,0.27028388,0.26742333,0.92344093,0.91039;0.92469;0.93558;0.92318;0.90975;0.95775;0.91950;0.90070;0.94640;0.93523;0.95186;0.87332;0.89930;0.93767;0.92469;0.94758;0.92318;0.88100;0.94728;0.91244;0.95549;0.92982;0.92007;0.90465;0.93071;0.93675;0.92736;0.90862;0.91950;0.90878,0.92344093
D:\REGAN-Projek\THESIS\Dataset\Kawahara\release\images\NBL\Nbl013.jpg,NBL/Nbl013.jpg,KAW_596,Kawahara,3,44,external,stage2,densenet121,densenet121_proc_subsample,0,,0,False,0.00086416875,0.0028793514,0.4782857,0.47540635,0.81540793,0.15765;0.17065;0.13229;0.19284;0.19193;0.16968;0.26875;0.19760;0.15817;0.14966;0.16573;0.19931;0.21142;0.18374;0.19452;0.20689;0.18773;0.20450;0.20323;0.21634;0.15843;0.12411;0.20866;0.19391;0.14560;0.17667;0.20866;0.21321;0.15241;0.19345,0.18459207
D:\REGAN-Projek\THESIS\Dataset\Kawahara\release\images\NBL\Nbl015.jpg,NBL/Nbl015.jpg,KAW_597,Kawahara,3,44,external,stage2,densenet121,densenet121_proc_subsample,0,,0,False,0.0031246478,0.00748837,0.6124746,0.60498625,0.6980892,0.67982;0.70089;0.79359;0.66138;0.68130;0.72331;0.65124;0.66942;0.77253;0.64445;0.67158;0.77764;0.67929;0.74577;0.61734;0.69472;0.75636;0.62670;0.75074;0.64344;0.60253;0.59602;0.73507;0.68553;0.72184;0.78432;0.77781;0.75401;0.66149;0.68257,0.6980892
D:\REGAN-Projek\THESIS\Dataset\Kawahara\release\images\NBL\Nbl022.jpg,NBL/Nbl022.jpg,KAW_598,Kawahara,3,44,external,stage2,densenet121,densenet121_proc_subsample,0,,0,False,0.0016207868,0.0055899024,0.47016746,0.46457756,0.8208071,0.87451;0.81626;0.89219;0.77882;0.71820;0.88080;0.81405;0.80807;0.85657;0.80379;0.83032;0.81699;0.77253;0.82119;0.89010;0.83602;0.82935;0.85440;0.85244;0.79882;0.76472;0.83454;0.81048;0.77814;0.80852;0.81450;0.81420;0.79230;0.77458;0.88681,0.8208071
D:\REGAN-Projek\THESIS\Dataset\Kawahara\release\images\NBL\Nbl025.jpg,NBL/Nbl025.jpg,KAW_599,Kawahara,3,44,external,stage2,densenet121,densenet121_proc_subsample,0,,0,False,0.002343128,0.005338967,0.6304397,0.62510073,0.67519325,0.74595;0.73488;0.69337;0.70477;0.66410;0.68626;0.66931;0.64478;0.63194;0.58112;0.56722;0.72037;0.70202;0.60522;0.69720;0.68257;0.67136;0.76012;0.65091;0.62841;0.63148;0.62056;0.72066;0.74280;0.67694;0.66856;0.73526;0.71830;0.66356;0.63579,0.67519325
D:\REGAN-Projek\THESIS\Dataset\Kawahara\release\images\NBL\Nbl031.jpg,NBL/Nbl031.jpg,KAW_600,Kawahara,3,44,external,stage2,densenet121,densenet121_proc_subsample,0,,0,False,0.0021957865,0.0046845675,0.6644802,0.65979564,0.6191468,0.41342;0.35858;0.38266;0.34820;0.33177;0.44023;0.41212;0.38399;0.31489;0.36083;0.29829;0.38711;0.38665;0.45166;0.34798;0.30013;0.41141;0.41620;0.39141;0.34776;0.45889;0.45692;0.29189;0.36342;0.40669;0.37079;0.34842;0.43848;0.43788;0.36693,0.3808532
D:\REGAN-Projek\THESIS\Dataset\Kawahara\release\images\NFL\Nfl054.jpg,NFL/Nfl054.jpg,KAW_601,Kawahara,3,44,external,stage2,densenet121,densenet121_proc_subsample,0,,0,False,0.0014471341,0.0035589337,0.59603596,0.592477,0.7167077,0.29911;0.28667;0.29931;0.30435;0.29523;0.35287;0.28797;0.30684;0.31468;0.26626;0.26039;0.22919;0.29068;0.24581;0.24890;0.36625;0.26284;0.33101;0.23441;0.27679;0.29361;0.25534;0.23546;0.26875;0.29179;0.27659;0.28527;0.19946;0.36534;0.26760,0.28329226
D:\REGAN-Projek\THESIS\Dataset\Kawahara\release\images\NGL\Ngl002.jpg,NGL/Ngl002.jpg,KAW_602,Kawahara,3,44,external,stage2,densenet121,densenet121_proc_subsample,0,,0,False,0.0043662232,0.008861184,0.68970656,0.6808454,0.54145265,0.40810;0.43857;0.47950;0.47868;0.47128;0.54810;0.43984;0.39882;0.48304;0.44122;0.57069;0.49593;0.50732;0.45620;0.36943;0.40169;0.32061;0.42322;0.38335;0.45532;0.48301;0.49075;0.53832;0.50729;0.53376;0.42782;0.35622;0.61161;0.36083;0.47591,0.45854738
D:\REGAN-Projek\THESIS\Dataset\Kawahara\release\images\NGL\NGL010.JPG,NGL/NGL010.JPG,KAW_603,Kawahara,3,44,external,stage2,densenet121,densenet121_proc_subsample,0,,0,False,0.0017498932,0.0035412312,0.68866825,0.685127,0.5472877,0.55450;0.61416;0.59532;0.46967;0.55160;0.58029;0.51364;0.47262;0.50372;0.56860;0.51775;0.60696;0.57797;0.53801;0.47233;0.56554;0.58747;0.52415;0.56854;0.48922;0.52286;0.54922;0.57260;0.52525;0.63647;0.53750;0.59043;0.54483;0.53992;0.52748,0.5472877
D:\REGAN-Projek\THESIS\Dataset\Kawahara\release\images\NGL\Ngl062.jpg,NGL/Ngl062.jpg,KAW_604,Kawahara,3,44,external,stage2,densenet121,densenet121_proc_subsample,0,,0,False,0.001150633,0.0045826733,0.41062462,0.40604195,0.85685897,0.84325;0.84809;0.87790;0.87748;0.82587;0.85717;0.87653;0.86793;0.76524;0.78858;0.86827;0.89275;0.85513;0.84530;0.88563;0.84518;0.91306;0.79645;0.88603;0.84997;0.90943;0.82643;0.86281;0.86894;0.82474;0.86339;0.85269;0.83722;0.90192;0.89238,0.85685897
D:\REGAN-Projek\THESIS\Dataset\Kawahara\release\images\NGL\Ngl068.jpg,NGL/Ngl068.jpg,KAW_605,Kawahara,3,44,external,stage2,densenet121,densenet121_proc_subsample,0,,0,False,0.0025451703,0.0055775642,0.64544153,0.63986397,0.6532026,0.39158;0.48363;0.37794;0.34533;0.38537;0.35802;0.34235;0.34356;0.43638;0.32961;0.31933;0.27669;0.34555;0.37594;0.37091;0.27173;0.33797;0.26550;0.39952;0.34444;0.31028;0.35009;0.32520;0.28607;0.31143;0.34732;0.33394;0.44628;0.28012;0.31185,0.3467974
D:\REGAN-Projek\THESIS\Dataset\Kawahara\release\images\NGL\Ngl084.jpg,NGL/Ngl084.jpg,KAW_606,Kawahara,3,44,external,stage2,densenet121,densenet121_proc_subsample,0,,0,False,0.0020864033,0.004937947,0.60728157,0.6023436,0.70417917,0.29411;0.30746;0.28398;0.33405;0.39077;0.23511;0.34876;0.29655;0.28368;0.28927;0.30322;0.26303;0.23214;0.28319;0.26645;0.26303;0.27914;0.35343;0.29635;0.29108;0.33080;0.27464;0.23652;0.30840;0.25018;0.41005;0.38030;0.31038;0.23493;0.24364,0.2958208
D:\REGAN-Projek\THESIS\Dataset\Kawahara\release\images\NHL\Nhl009.jpg,NHL/Nhl009.jpg,KAW_607,Kawahara,3,44,external,stage2,densenet121,densenet121_proc_subsample,0,,0,False,0.002146873,0.0048977137,0.6274489,0.6225512,0.67922944,0.32488;0.39689;0.26039;0.28987;0.29798;0.36523;0.31574;0.36648;0.29941;0.34721;0.25609;0.41822;0.39770;0.30404;0.29148;0.29737;0.28767;0.31206;0.27689;0.35477;0.33459;0.30809;0.35009;0.30580;0.29696;0.26779;0.40904;0.23828;0.28587;0.36625,0.32077056
D:\REGAN-Projek\THESIS\Dataset\Kawahara\release\images\NIL\Nil031.jpg,NIL/Nil031.jpg,KAW_608,Kawahara,3,44,external,stage2,densenet121,densenet121_proc_subsample,0,,0,False,0.0013590507,0.004211217,0.5020526,0.4978414,0.7988064,0.21502;0.16722;0.18654;0.22287;0.21387;0.25386;0.16066;0.14235;0.18907;0.23109;0.20213;0.18155;0.16479;0.17217;0.28141;0.21486;0.15830;0.14990;0.25294;0.24781;0.15843;0.17497;0.23899;0.19837;0.15330;0.24454;0.19345;0.20802;0.25534;0.20197,0.20119354
D:\REGAN-Projek\THESIS\Dataset\Kawahara\release\images\NIL\Nil080.jpg,NIL/Nil080.jpg,KAW_609,Kawahara,3,44,external,stage2,densenet121,densenet121_proc_subsample,0,,0,False,0.001964307,0.0048957467,0.58742374,0.582528,0.725767,0.28368;0.30487;0.29138;0.22372;0.28190;0.41070;0.29931;0.29655;0.23634;0.33080;0.33155;0.25516;0.20577;0.28937;0.22440;0.29645;0.29951;0.21717;0.25349;0.22954;0.23988;0.29655;0.19118;0.31080;0.24981;0.26894;0.25091;0.31090;0.26058;0.28577,0.27423298
D:\REGAN-Projek\THESIS\Dataset\Kawahara\release\images\NIL\Nil084.jpg,NIL/Nil084.jpg,KAW_610,Kawahara,3,44,external,stage2,densenet121,densenet121_proc_subsample,0,,0,False,0.0014455811,0.004242301,0.5271245,0.5228822,0.7798288,0.86328;0.68711;0.72360;0.70304;0.74614;0.79359;0.79913;0.76524;0.79246;0.77611;0.84784;0.75347;0.76507;0.73923;0.77373;0.78050;0.80897;0.78399;0.76401;0.75708;0.78333;0.79944;0.79198;0.82404;0.80100;0.78972;0.77730;0.84594;0.79311;0.76542,0.7798288
D:\REGAN-Projek\THESIS\Dataset\Kawahara\release\images\Adl\Adl301.jpg,Adl/Adl301.jpg,KAW_611,Kawahara,3,44,external,stage2,densenet121,densenet121_proc_subsample,0,,0,False,0.004536584,0.009471536,0.67161965,0.6621481,0.6033746,0.48876;0.44170;0.41087;0.48523;0.41017;0.35869;0.37880;0.35443;0.35031;0.26971;0.34235;0.45036;0.49802;0.58664;0.35477;0.31289;0.36150;0.35970;0.46757;0.45593;0.37697;0.37788;0.41200;0.28957;0.35387;0.37594;0.47274;0.38185;0.35948;0.36004,0.39662537
D:\REGAN-Projek\THESIS\Dataset\Kawahara\release\images\Ael\Ael496.jpg,Ael/Ael496.jpg,KAW_612,Kawahara,3,44,external,stage2,densenet121,densenet121_proc_subsample,0,,0,False,0.0035615475,0.0073438883,0.6806921,0.6733482,0.5787506,0.37834;0.48397;0.36863;0.35970;0.40239;0.48558;0.46925;0.47311;0.50423;0.45499;0.35779;0.35667;0.38272;0.41490;0.40028;0.39257;0.39589;0.49621;0.45986;0.46867;0.40621;0.34621;0.34400;0.55139;0.50911;0.40404;0.44592;0.44282;0.28957;0.39245,0.4212494
D:\REGAN-Projek\THESIS\Dataset\Kawahara\release\images\Gzl\gzl20.jpg,Gzl/gzl20.jpg,KAW_613,Kawahara,3,44,external,stage2,densenet121,densenet121_proc_subsample,0,,0,False,0.0020566774,0.0045639277,0.6419588,0.63739485,0.65860146,0.36738;0.35633;0.33350;0.29008;0.29421;0.27698;0.28022;0.34224;0.39181;0.31700;0.32125;0.41656;0.34038;0.29199;0.33775;0.36909;0.39665;0.32606;0.27328;0.38197;0.36727;0.33285;0.37171;0.46293;0.33819;0.36297;0.27231;0.37823;0.29038;0.36038,0.34139854
D:\REGAN-Projek\THESIS\Dataset\Kawahara\release\images\Gzl\gzl28.jpg,Gzl/gzl28.jpg,KAW_614,Kawahara,3,44,external,stage2,densenet121,densenet121_proc_subsample,0,,0,False,0.00034914224,0.0030166507,0.22650379,0.22348714,0.94016844,0.93902;0.91833;0.96545;0.94314;0.96161;0.95892;0.95388;0.95371;0.93184;0.93391;0.94272;0.95195;0.92723;0.91551;0.96492;0.94901;0.96371;0.91475;0.92970;0.95123;0.94995;0.93208;0.95623;0.95050;0.94863;0.89643;0.95696;0.90829;0.90780;0.92763,0.94016844
D:\REGAN-Projek\THESIS\Dataset\Kawahara\release\images\Gal\Gal240.jpg,Gal/Gal240.jpg,KAW_615,Kawahara,3,44,external,stage2,densenet121,densenet121_proc_subsample,0,,0,False,0.0017797317,0.0058862567,0.4832597,0.47737345,0.8120343,0.23740;0.20673;0.11202;0.24890;0.13823;0.23634;0.24835;0.23546;0.22152;0.19931;0.13398;0.16668;0.23616;0.25572;0.16654;0.25257;0.14866;0.16654;0.19452;0.18788;0.21834;0.18272;0.16411;0.16913;0.14367;0.16000;0.14682;0.11556;0.18141;0.16371,0.18796568
D:\REGAN-Projek\THESIS\Dataset\Kawahara\release\images\Gal\Gal039.jpg,Gal/Gal039.jpg,KAW_616,Kawahara,3,44,external,stage2,densenet121,densenet121_proc_subsample,0,,0,False,0.0009385515,0.0060477555,0.2774251,0.27137735,0.9205496,0.08314;0.05213;0.11656;0.11182;0.11378;0.05262;0.09825;0.08123;0.11124;0.08835;0.07030;0.04987;0.05175;0.05089;0.07277;0.09269;0.04518;0.06549;0.03259;0.13421;0.17724;0.06633;0.04092;0.05943;0.07836;0.07572;0.06245;0.09637;0.08167;0.07018,0.07945044
D:\REGAN-Projek\THESIS\Dataset\Kawahara\release\images\Gal\Gal185.jpg,Gal/Gal185.jpg,KAW_617,Kawahara,3,44,external,stage2,densenet121,densenet121_proc_subsample,0,,0,False,0.0015995974,0.0034790635,0.65712816,0.6536491,0.6333875,0.65754;0.66083;0.60230;0.59861;0.64635;0.64880;0.74614;0.64389;0.61797;0.63228;0.61538;0.57314;0.63962;0.63216;0.62257;0.69565;0.66541;0.61901;0.66736;0.62206;0.65677;0.68003;0.61109;0.61561;0.59907;0.60638;0.64880;0.56055;0.67233;0.54392,0.6333875
D:\REGAN-Projek\THESIS\Dataset\Kawahara\release\images\FBL\FBL026.JPG,FBL/FBL026.JPG,KAW_618,Kawahara,3,44,external,stage2,densenet121,densenet121_proc_subsample,0,,0,False,0.0004957426,0.0034999251,0.27004132,0.2665414,0.9235383,0.05291;0.03898;0.04016;0.09384;0.09302;0.06313;0.07316;0.08344;0.07752;0.13017;0.10339;0.05878;0.07450;0.05340;0.11378;0.06267;0.07277;0.08756;0.08065;0.10539;0.07224;0.08137;0.05005;0.08404;0.11556;0.04561;0.05998;0.08540;0.06572;0.07464,0.076461665
D:\REGAN-Projek\THESIS\Dataset\Kawahara\release\images\FBL\Fbl028.jpg,FBL/Fbl028.jpg,KAW_619,Kawahara,3,44,external,stage2,densenet121,densenet121_proc_subsample,0,,0,False,0.0016694188,0.004770994,0.54122317,0.5364522,0.7683827,0.26512;0.14247;0.27963;0.31028;0.24418;0.17483;0.21684;0.30054;0.23722;0.22695;0.24781;0.25627;0.19900;0.22542;0.21519;0.29239;0.18112;0.25833;0.24364;0.15216;0.25534;0.23144;0.29058;0.18743;0.24418;0.21109;0.22287;0.19529;0.23144;0.20947,0.23161726
D:\REGAN-Projek\THESIS\Dataset\Kawahara\release\images\FCL\Fcl022.jpg,FCL/Fcl022.jpg,KAW_620,Kawahara,3,44,external,stage2,densenet121,densenet121_proc_subsample,0,,0,False,0.0014984435,0.0030081868,0.69313574,0.69012755,0.50238943,0.50300;0.50205;0.50276;0.48179;0.52596;0.51348;0.44017;0.50359;0.51102;0.44689;0.44426;0.46250;0.48368;0.49128;0.48968;0.53862;0.58148;0.54755;0.51175;0.52071;0.60859;0.43009;0.53148;0.51664;0.48566;0.53910;0.46864;0.48174;0.48905;0.51845,0.50238943
D:\REGAN-Projek\THESIS\Dataset\Kawahara\release\images\FCL\Fcl040.jpg,FCL/Fcl040.jpg,KAW_621,Kawahara,3,44,external,stage2,densenet121,densenet121_proc_subsample,0,,0,False,0.0012764615,0.0033442974,0.5705835,0.5672392,0.74235094,0.19698;0.26398;0.22152;0.24418;0.25018;0.24274;0.19406;0.23740;0.24418;0.26856;0.30518;0.31237;0.27650;0.22661;0.28677;0.28667;0.20562;0.30913;0.25386;0.21750;0.29849;0.28587;0.30902;0.24436;0.32402;0.22919;0.26436;0.22525;0.27659;0.22833,0.25764906
D:\REGAN-Projek\THESIS\Dataset\Kawahara\release\images\FCL\Fcl044.jpg,FCL/Fcl044.jpg,KAW_622,Kawahara,3,44,external,stage2,densenet121,densenet121_proc_subsample,0,,0,False,0.0014339327,0.005569488,0.41311777,0.40754828,0.8554613,0.13342;0.14597;0.19193;0.09074;0.13858;0.15727;0.25870;0.13776;0.11182;0.14367;0.13776;0.14842;0.09171;0.13240;0.08756;0.23283;0.14743;0.14475;0.19027;0.12918;0.13195;0.15883;0.13051;0.12885;0.13846;0.13753;0.16318;0.12379;0.18639;0.08449,0.14453869
D:\REGAN-Projek\THESIS\Dataset\Kawahara\release\images\FCL\FCL058.JPG,FCL/FCL058.JPG,KAW_623,Kawahara,3,44,external,stage2,densenet121,densenet121_proc_subsample,0,,0,False,0.00075279997,0.0051499754,0.24025556,0.23510559,0.9350951,0.07878;0.08788;0.02717;0.05390;0.04108;0.06537;0.06086;0.07316;0.04987;0.05252;0.09252;0.03898;0.06501;0.04240;0.05976;0.06633;0.05965;0.04209;0.18083;0.07710;0.04502;0.05511;0.07290;0.11202;0.05676;0.06053;0.05655;0.05108;0.05718;0.06477,0.064904936
D:\REGAN-Projek\THESIS\Dataset\Kawahara\release\images\FCL\FCL074.JPG,FCL/FCL074.JPG,KAW_624,Kawahara,3,44,external,stage2,densenet121,densenet121_proc_subsample,0,,0,False,0.00051486015,0.0020359755,0.42206085,0.42002487,0.8503734,0.15317;0.17106;0.17385;0.12711;0.16479;0.17162;0.13869;0.18624;0.17259;0.15015;0.13117;0.09843;0.12700;0.17065;0.14792;0.12496;0.15662;0.12231;0.18610;0.19254;0.16817;0.16968;0.13765;0.13811;0.13800;0.14403;0.12231;0.13017;0.14164;0.13207,0.1496266
D:\REGAN-Projek\THESIS\Dataset\Kawahara\release\images\FFL\Ffl080.jpg,FFL/Ffl080.jpg,KAW_625,Kawahara,3,44,external,stage2,densenet121,densenet121_proc_subsample,0,,0,False,0.0007646679,0.0046857893,0.2871086,0.2824228,0.91655296,0.07224;0.09106;0.06792;0.07224;0.05511;0.12571;0.05061;0.06454;0.09468;0.07464;0.13765;0.07558;0.08389;0.06418;0.09203;0.04193;0.08571;0.09401;0.06313;0.11516;0.10539;0.04778;0.08525;0.05943;0.12054;0.16872;0.06621;0.07343;0.07864;0.07600,0.08344706
D:\REGAN-Projek\THESIS\Dataset\Kawahara\release\images\FDL\Fdl014.jpg,FDL/Fdl014.jpg,KAW_626,Kawahara,3,44,external,stage2,densenet121,densenet121_proc_subsample,0,,0,False,0.0024338507,0.004915178,0.6900733,0.68515813,0.53918356,0.50132;0.55405;0.62761;0.56776;0.42776;0.55803;0.56985;0.58640;0.62601;0.56200;0.49543;0.51519;0.54471;0.53337;0.57982;0.53121;0.47829;0.60825;0.52426;0.55553;0.51961;0.51661;0.61358;0.53091;0.49835;0.46934;0.54468;0.58918;0.44861;0.49783,0.53918356
D:\REGAN-Projek\THESIS\Dataset\Kawahara\release\images\FDL\FDL036.JPG,FDL/FDL036.JPG,KAW_627,Kawahara,3,44,external,stage2,densenet121,densenet121_proc_subsample,0,,0,False,0.0014214119,0.0031020045,0.645753,0.642651,0.65270984,0.33590;0.37651;0.37829;0.36478;0.33841;0.29696;0.33188;0.35488;0.31859;0.31510;0.31902;0.37628;0.31342;0.38047;0.32210;0.32874;0.35903;0.26952;0.37239;0.38457;0.34422;0.38260;0.32767;0.47990;0.36523;0.31923;0.32627;0.34887;0.31437;0.37353,0.34729013
D:\REGAN-Projek\THESIS\Dataset\Kawahara\release\images\Gcl\Gcl003.jpg,Gcl/Gcl003.jpg,KAW_628,Kawahara,3,44,external,stage2,densenet121,densenet121_proc_subsample,0,,0,False,0.0003516245,0.0035506338,0.19548145,0.19193082,0.95102656,0.95371;0.95680;0.93824;0.95354;0.90192;0.92050;0.95606;0.97473;0.96182;0.95647;0.93319;0.98215;0.95336;0.97257;0.94314;0.90000;0.94825;0.95050;0.96641;0.93969;0.95752;0.93617;0.95573;0.96584;0.95877;0.95573;0.97344;0.95900;0.96518;0.94035,0.95102656
D:\REGAN-Projek\THESIS\Dataset\Kawahara\release\images\Gdl\Gdl037.jpg,Gdl/Gdl037.jpg,KAW_629,Kawahara,3,44,external,stage2,densenet121,densenet121_proc_subsample,0,,0,False,0.0023153673,0.0061662197,0.55330026,0.54713404,0.75806487,0.79438;0.80116;0.75219;0.76207;0.70548;0.81611;0.80302;0.76331;0.76960;0.72174;0.65180;0.78465;0.65357;0.77983;0.78760;0.80594;0.73087;0.78629;0.81685;0.66942;0.68595;0.75958;0.77339;0.71899;0.77662;0.75019;0.80897;0.70811;0.82276;0.78150,0.75806487
D:\REGAN-Projek\THESIS\Dataset\Kawahara\release\images\Ggl\Ggl036.jpg,Ggl/Ggl036.jpg,KAW_630,Kawahara,3,44,external,stage2,densenet121,densenet121_proc_subsample,0,,0,False,0.0020612555,0.0047496557,0.63307077,0.6283211,0.6715566,0.35321;0.34356;0.38306;0.28627;0.41650;0.31827;0.30829;0.34809;0.32767;0.37388;0.33742;0.31796;0.37148;0.31395;0.37011;0.36727;0.35847;0.28757;0.34246;0.29421;0.37582;0.37422;0.35835;0.24256;0.28141;0.26284;0.35142;0.24274;0.30913;0.23511,0.3284434
D:\REGAN-Projek\THESIS\Dataset\Kawahara\release\images\Ggl\Ggl068.jpg,Ggl/Ggl068.jpg,KAW_631,Kawahara,3,44,external,stage2,densenet121,densenet121_proc_subsample,0,,0,False,0.0015710569,0.0036534667,0.6174392,0.61378574,0.69206405,0.73336;0.67179;0.73297;0.69368;0.65545;0.67534;0.73393;0.68447;0.69087;0.71830;0.69709;0.63816;0.67907;0.73980;0.72125;0.60235;0.68605;0.70487;0.76172;0.58989;0.75092;0.68951;0.72007;0.71582;0.66639;0.71233;0.66356;0.64769;0.67287;0.71233,0.69206405
D:\REGAN-Projek\THESIS\Dataset\Kawahara\release\images\Fll\Fll085.jpg,Fll/Fll085.jpg,KAW_632,Kawahara,3,44,external,stage2,densenet121,densenet121_proc_subsample,0,,0,False,0.0014087104,0.004092574,0.52256703,0.51847446,0.783403,0.16291;0.20577;0.18315;0.25926;0.22508;0.20118;0.22085;0.20181;0.18506;0.30508;0.29038;0.22169;0.23935;0.18315;0.17910;0.20009;0.17781;0.18624;0.19376;0.20087;0.14743;0.23740;0.24077;0.24472;0.21601;0.24563;0.20562;0.28947;0.19254;0.25572,0.21659702
D:\REGAN-Projek\THESIS\Dataset\Kawahara\release\images\Fgl\Fgl018.jpg,Fgl/Fgl018.jpg,KAW_633,Kawahara,3,44,external,stage2,densenet121,densenet121_proc_subsample,0,,0,False,0.0024319435,0.0050629377,0.67790914,0.6728462,0.58706456,0.64097;0.51044;0.56115;0.55348;0.57708;0.58148;0.57153;0.59496;0.58475;0.63940;0.54843;0.58071;0.63962;0.59007;0.60522;0.56103;0.57272;0.62715;0.50750;0.60906;0.60019;0.46840;0.57123;0.59684;0.53932;0.71313;0.68511;0.55405;0.62749;0.59943,0.58706456
D:\REGAN-Projek\THESIS\Dataset\Kawahara\release\images\Fgl\Fgl029.jpg,Fgl/Fgl029.jpg,KAW_634,Kawahara,3,44,external,stage2,densenet121,densenet121_proc_subsample,0,,0,False,0.00066735013,0.0043825805,0.29152763,0.28714505,0.9146996,0.87642;0.88344;0.93790;0.89752;0.90035;0.89552;0.95177;0.94600;0.92736;0.90295;0.92332;0.95177;0.89607;0.88603;0.94882;0.91566;0.87224;0.93245;0.86293;0.91950;0.89143;0.92414;0.95736;0.91337;0.92345;0.90829;0.90105;0.93991;0.95168;0.90227,0.9146996
D:\REGAN-Projek\THESIS\Dataset\Kawahara\release\images\Fgl\Fgl057.jpg,Fgl/Fgl057.jpg,KAW_635,Kawahara,3,44,external,stage2,densenet121,densenet121_proc_subsample,0,,0,False,0.0021125728,0.0065684915,0.48641372,0.47984523,0.8098684,0.84338;0.85836;0.81093;0.67929;0.86397;0.81450;0.80928;0.78333;0.82076;0.82133;0.84026;0.82375;0.83682;0.83196;0.84518;0.77713;0.78415;0.87082;0.80286;0.88818;0.82545;0.79021;0.81287;0.81611;0.84209;0.78349;0.71383;0.70089;0.81018;0.79470,0.8098684
D:\REGAN-Projek\THESIS\Dataset\Kawahara\release\images\Fil\Fil004.jpg,Fil/Fil004.jpg,KAW_636,Kawahara,3,44,external,stage2,densenet121,densenet121_proc_subsample,0,,0,False,0.0042013186,0.009742737,0.6167017,0.606959,0.69297236,0.29931;0.23196;0.50512;0.23740;0.34323;0.27106;0.31626;0.37114;0.40680;0.31132;0.24835;0.30219;0.27425;0.42955;0.22610;0.30902;0.32146;0.25851;0.27328;0.25091;0.30746;0.28647;0.31111;0.30955;0.34202;0.17810;0.26303;0.30023;0.35903;0.36659,0.30702764
D:\REGAN-Projek\THESIS\Dataset\Kawahara\release\images\Fll\Fll122.jpg,Fll/Fll122.jpg,KAW_637,Kawahara,3,44,external,stage2,densenet121,densenet121_proc_subsample,0,,0,False,0.0013987214,0.004698485,0.4651417,0.46044323,0.8240854,0.78875;0.88243;0.85561;0.83468;0.85330;0.83762;0.82866;0.83655;0.74817;0.79771;0.80364;0.82290;0.83454;0.86293;0.74577;0.74410;0.84594;0.79882;0.84530;0.75797;0.83828;0.82852;0.80670;0.80792;0.87202;0.85452;0.81523;0.84415;0.87493;0.85488,0.8240854
D:\REGAN-Projek\THESIS\Dataset\Kawahara\release\images\Fil\Fil052.jpg,Fil/Fil052.jpg,KAW_638,Kawahara,3,44,external,stage2,densenet121,densenet121_proc_subsample,0,,0,False,0.002487058,0.009041756,0.4361249,0.42708313,0.8421276,0.20197;0.09756;0.24060;0.15330;0.11757;0.27077;0.17051;0.16600;0.13432;0.24890;0.18040;0.10448;0.17175;0.14548;0.11900;0.12054;0.13151;0.16600;0.15457;0.08819;0.26171;0.12507;0.10781;0.13730;0.11951;0.20482;0.20562;0.17767;0.09930;0.11397,0.15787236
D:\REGAN-Projek\THESIS\Dataset\Kawahara\release\images\Fil\Fil070.jpg,Fil/Fil070.jpg,KAW_639,Kawahara,3,44,external,stage2,densenet121,densenet121_proc_subsample,0,,0,False,0.0015650288,0.004344821,0.5505072,0.54616237,0.76049626,0.25405;0.23971;0.24509;0.15342;0.18758;0.22902;0.24060;0.28180;0.25833;0.31143;0.19103;0.20593;0.23634;0.20625;0.28667;0.27591;0.24545;0.19884;0.19087;0.22576;0.23458;0.27231;0.25908;0.30157;0.18758;0.22118;0.29260;0.26001;0.29655;0.19559,0.23950371
D:\REGAN-Projek\THESIS\Dataset\Kawahara\release\images\New\newl053.jpg,New/newl053.jpg,KAW_640,Kawahara,3,44,external,stage2,densenet121,densenet121_proc_subsample,0,,0,False,0.0021336472,0.0054412484,0.57955855,0.5741173,0.73368555,0.25702;0.22678;0.26379;0.24581;0.30673;0.17329;0.27309;0.25964;0.27581;0.26760;0.31374;0.28398;0.33047;0.24563;0.21701;0.18141;0.21012;0.28957;0.30632;0.24509;0.25926;0.25833;0.30198;0.32810;0.40351;0.24203;0.29870;0.24945;0.26379;0.21142,0.26631445
D:\REGAN-Projek\THESIS\Dataset\Kawahara\release\images\NAL\Nal005.jpg,NAL/Nal005.jpg,KAW_641,Kawahara,3,44,external,stage2,densenet121,densenet121_proc_subsample,1,0,1,False,0.0016594704,0.004604399,0.54494655,0.54034215,0.765255,0.78988;0.80240;0.74872;0.72759;0.79613;0.72007;0.78399;0.80100;0.83868;0.72390;0.78316;0.78956;0.70069;0.83615;0.75256;0.75383;0.73923;0.73469;0.68637;0.78233;0.82133;0.79850;0.78133;0.67190;0.76401;0.74982;0.73905;0.75958;0.80456;0.77662,0.765255
D:\REGAN-Projek\THESIS\Dataset\Kawahara\release\images\NAL\Nal018.jpg,NAL/Nal018.jpg,KAW_642,Kawahara,3,44,external,stage2,densenet121,densenet121_proc_subsample,1,0,1,False,2.8787072e-05,0.00123832,0.06011227,0.05887395,0.9890967,0.99296;0.99548;0.99532;0.98781;0.98781;0.99091;0.99098;0.99464;0.99681;0.99139;0.99378;0.98728;0.98975;0.99312;0.99022;0.97801;0.98813;0.99436;0.97689;0.98636;0.99203;0.98249;0.97434;0.98897;0.98747;0.98795;0.98521;0.98771;0.99233;0.99239,0.9890967
D:\REGAN-Projek\THESIS\Dataset\Kawahara\release\images\NAL\Nal025.jpg,NAL/Nal025.jpg,KAW_643,Kawahara,3,44,external,stage2,densenet121,densenet121_proc_subsample,1,0,1,False,1.7180865e-06,0.0002537649,0.021399816,0.021146052,0.99683094,0.99449;0.99304;0.99853;0.99807;0.99777;0.99754;0.99668;0.99442;0.99771;0.99643;0.99702;0.99813;0.99764;0.99613;0.99737;0.99530;0.99834;0.99660;0.99674;0.99679;0.99815;0.99638;0.99713;0.99837;0.99793;0.99685;0.99598;0.99807;0.99508;0.99625,0.99683094
D:\REGAN-Projek\THESIS\Dataset\Kawahara\release\images\NAL\Nal033.jpg,NAL/Nal033.jpg,KAW_644,Kawahara,3,44,external,stage2,densenet121,densenet121_proc_subsample,1,0,1,False,0.0015691046,0.0031520128,0.6925597,0.6894077,0.51713705,0.45838;0.45136;0.50325;0.46429;0.44797;0.52237;0.48696;0.48729;0.39718;0.53643;0.45051;0.44972;0.47673;0.43320;0.50052;0.48441;0.46499;0.45432;0.47705;0.55009;0.60452;0.46545;0.49214;0.49214;0.46423;0.51365;0.53601;0.46466;0.45281;0.50322,0.48286298
D:\REGAN-Projek\THESIS\Dataset\Kawahara\release\images\NAL\Nal035.jpg,NAL/Nal035.jpg,KAW_645,Kawahara,3,44,external,stage2,densenet121,densenet121_proc_subsample,1,0,1,False,0.002382807,0.00495708,0.6725651,0.667608,0.60109526,0.40421;0.37468;0.37285;0.43045;0.52735;0.35298;0.47329;0.34290;0.34853;0.34920;0.35087;0.32391;0.37445;0.44646;0.42227;0.40798;0.49059;0.36886;0.40116;0.31637;0.36784;0.44315;0.45102;0.43836;0.41775;0.36682;0.39385;0.38243;0.40716;0.41941,0.39890474
D:\REGAN-Projek\THESIS\Dataset\Kawahara\release\images\NAL\Nal049.jpg,NAL/Nal049.jpg,KAW_646,Kawahara,3,44,external,stage2,densenet121,densenet121_proc_subsample,1,0,1,False,0.00031209897,0.0028743595,0.21892974,0.21605538,0.9428938,0.92880;0.97167;0.95498;0.96886;0.92982;0.91197;0.94046;0.95515;0.93270;0.94251;0.94660;0.91275;0.95877;0.93744;0.89552;0.92657;0.93767;0.95132;0.97024;0.94806;0.93640;0.94335;0.93171;0.96398;0.93294;0.94229;0.96124;0.95647;0.95946;0.93710,0.9428938
D:\REGAN-Projek\THESIS\Dataset\Kawahara\release\images\NAL\Nal057.jpg,NAL/Nal057.jpg,KAW_647,Kawahara,3,44,external,stage2,densenet121,densenet121_proc_subsample,1,0,1,False,0.005348554,0.011742175,0.64396,0.6322178,0.65552384,0.66258;0.62418;0.68469;0.65732;0.46642;0.71869;0.68130;0.72448;0.62909;0.66291;0.70568;0.77219;0.69368;0.75092;0.58480;0.70568;0.63680;0.53571;0.60253;0.69358;0.72272;0.65058;0.54728;0.75055;0.53835;0.67405;0.65346;0.65191;0.54247;0.74111,0.65552384
D:\REGAN-Projek\THESIS\Dataset\Kawahara\release\images\NAL\Nal058.jpg,NAL/Nal058.jpg,KAW_648,Kawahara,3,44,external,stage2,densenet121,densenet121_proc_subsample,1,0,1,False,0.0012836095,0.004813999,0.4312623,0.42644832,0.8450133,0.84299;0.88182;0.86658;0.86119;0.87987;0.86142;0.86805;0.80517;0.85609;0.87213;0.89387;0.87852;0.86025;0.90649;0.82361;0.83682;0.79834;0.84247;0.83142;0.83669;0.89350;0.84885;0.79677;0.83373;0.80302;0.87935;0.81917;0.74743;0.78597;0.83881,0.8450133
D:\REGAN-Projek\THESIS\Dataset\Kawahara\release\images\NAL\Nal064.jpg,NAL/Nal064.jpg,KAW_649,Kawahara,3,44,external,stage2,densenet121,densenet121_proc_subsample,1,0,1,False,0.0007528063,0.0035163462,0.35861623,0.3550999,0.8841292,0.86362;0.93535;0.89275;0.89143;0.91819;0.92854;0.89143;0.85452;0.89461;0.89424;0.88364;0.88283;0.85330;0.89405;0.88008;0.78531;0.88991;0.89877;0.87246;0.86293;0.89859;0.86200;0.90926;0.88798;0.87267;0.90959;0.90566;0.86894;0.85860;0.88263,0.8841292
D:\REGAN-Projek\THESIS\Dataset\Kawahara\release\images\NAL\Nal070.jpg,NAL/Nal070.jpg,KAW_650,Kawahara,3,44,external,stage2,densenet121,densenet121_proc_subsample,1,0,1,False,0.0024995462,0.0058113933,0.6219928,0.61618143,0.68634635,0.27562;0.33590;0.24328;0.26058;0.26664;0.24617;0.38555;0.28259;0.30229;0.32178;0.29706;0.35936;0.39048;0.31164;0.26607;0.39321;0.35790;0.33841;0.38358;0.32317;0.32810;0.39841;0.38868;0.25257;0.28737;0.29028;0.31605;0.28309;0.30363;0.22017,0.31365365
D:\REGAN-Projek\THESIS\Dataset\Kawahara\release\images\NAL\Nal086.jpg,NAL/Nal086.jpg,KAW_651,Kawahara,3,44,external,stage2,densenet121,densenet121_proc_subsample,1,0,1,False,0.0014830981,0.003584206,0.6043355,0.6007513,0.70754474,0.27445;0.30167;0.32821;0.30955;0.24185;0.26209;0.30767;0.30819;0.27038;0.31584;0.37216;0.25128;0.25423;0.29371;0.26971;0.25683;0.28348;0.33426;0.34754;0.24292;0.24256;0.29798;0.33426;0.21917;0.26588;0.26588;0.35566;0.34676;0.32221;0.29727,0.29245526
D:\REGAN-Projek\THESIS\Dataset\Kawahara\release\images\NAL\Nal091.jpg,NAL/Nal091.jpg,KAW_652,Kawahara,3,44,external,stage2,densenet121,densenet121_proc_subsample,1,0,1,False,2.2377817e-05,0.0012723766,0.045423135,0.04415076,0.9922422,0.98397;0.98971;0.99763;0.99331;0.99172;0.99787;0.98610;0.99423;0.99320;0.98991;0.99490;0.98499;0.99666;0.99642;0.98499;0.99418;0.99010;0.99631;0.99299;0.99236;0.99215;0.97645;0.99563;0.99506;0.99191;0.99474;0.99315;0.99470;0.99684;0.99511,0.9922422
D:\REGAN-Projek\THESIS\Dataset\Kawahara\release\images\NAL\nal095.jpg,NAL/nal095.jpg,KAW_653,Kawahara,3,44,external,stage2,densenet121,densenet121_proc_subsample,1,0,1,False,0.0002798811,0.0034368038,0.16113462,0.15769781,0.9621239,0.97797;0.97359;0.91671;0.96538;0.94155;0.98013;0.97720;0.95557;0.97069;0.97344;0.96766;0.97220;0.92550;0.94738;0.97058;0.97319;0.94882;0.96666;0.96647;0.95069;0.96772;0.96337;0.96260;0.97617;0.92276;0.95877;0.97314;0.98174;0.96021;0.97585,0.9621239
D:\REGAN-Projek\THESIS\Dataset\Kawahara\release\images\NAL\Nal097.jpg,NAL/Nal097.jpg,KAW_654,Kawahara,3,44,external,stage2,densenet121,densenet121_proc_subsample,1,0,1,False,0.003917326,0.00824374,0.6679689,0.6597252,0.61172783,0.39082;0.39473;0.34488;0.28111;0.33873;0.39234;0.37034;0.54271;0.49159;0.40327;0.35622;0.27367;0.37491;0.33851;0.49063;0.45717;0.38636;0.39181;0.35265;0.46969;0.33253;0.35387;0.40492;0.46117;0.35757;0.32896;0.45859;0.36761;0.31447;0.42632,0.38827214
D:\REGAN-Projek\THESIS\Dataset\Kawahara\release\images\NBL\Nbl004.jpg,NBL/Nbl004.jpg,KAW_655,Kawahara,3,44,external,stage2,densenet121,densenet121_proc_subsample,1,0,1,False,0.0013626162,0.004128188,0.49854374,0.49441555,0.8013367,0.13823;0.17939;0.21420;0.19559;0.18286;0.19606;0.32199;0.19087;0.22101;0.21917;0.16586;0.25497;0.15714;0.24095;0.20818;0.21077;0.20387;0.24418;0.19559;0.15482;0.16845;0.24238;0.17413;0.19962;0.17399;0.17681;0.22321;0.16172;0.16145;0.18243,0.1986633
D:\REGAN-Projek\THESIS\Dataset\Kawahara\release\images\NBL\Nbl006.jpg,NBL/Nbl006.jpg,KAW_656,Kawahara,3,44,external,stage2,densenet121,densenet121_proc_subsample,1,0,1,False,0.004513983,0.009119451,0.690027,0.68090755,0.53947735,0.49506;0.54120;0.39175;0.56985;0.55363;0.61820;0.59125;0.47294;0.52114;0.46521;0.50345;0.58611;0.55417;0.54020;0.49470;0.62727;0.55130;0.40621;0.57129;0.57702;0.62005;0.40692;0.61982;0.45372;0.56961;0.61601;0.51634;0.64501;0.57451;0.53039,0.53947735
D:\REGAN-Projek\THESIS\Dataset\Kawahara\release\images\NBL\Nbl017.jpg,NBL/Nbl017.jpg,KAW_657,Kawahara,3,44,external,stage2,densenet121,densenet121_proc_subsample,1,0,1,False,0.0021746333,0.0058308244,0.5591053,0.55327445,0.7529192,0.24077;0.21387;0.26474;0.24310;0.18040;0.22781;0.19606;0.29189;0.26284;0.27464;0.28757;0.30632;0.31447;0.25238;0.25275;0.25833;0.20056;0.23109;0.27532;0.26798;0.22186;0.27077;0.17343;0.38914;0.24563;0.23740;0.14682;0.25795;0.22816;0.19837,0.2470808
D:\REGAN-Projek\THESIS\Dataset\Kawahara\release\images\NBL\Nbl019.jpg,NBL/Nbl019.jpg,KAW_658,Kawahara,3,44,external,stage2,densenet121,densenet121_proc_subsample,1,0,1,False,0.0014986026,0.003276527,0.6477201,0.6444436,0.64955753,0.63216;0.59884;0.70932;0.61947;0.58640;0.61266;0.65257;0.63771;0.68553;0.63917;0.67115;0.66530;0.61156;0.54976;0.61306;0.68889;0.67630;0.69077;0.64131;0.69884;0.66693;0.70314;0.70791;0.66378;0.65798;0.65390;0.58836;0.65013;0.65080;0.66301,0.64955753
D:\REGAN-Projek\THESIS\Dataset\Kawahara\release\images\NBL\Nbl028.jpg,NBL/Nbl028.jpg,KAW_659,Kawahara,3,44,external,stage2,densenet121,densenet121_proc_subsample,1,0,1,False,0.0021957068,0.004857421,0.63804114,0.6331837,0.6644477,0.37479;0.39525;0.28657;0.28847;0.32702;0.37605;0.32424;0.36943;0.34180;0.38324;0.49471;0.37091;0.29513;0.26933;0.32424;0.32520;0.31859;0.34378;0.31489;0.31300;0.35656;0.37875;0.36094;0.29757;0.25553;0.32842;0.31132;0.28667;0.28997;0.36421,0.33555228
D:\REGAN-Projek\THESIS\Dataset\Kawahara\release\images\NBL\Nbl030.jpg,NBL/Nbl030.jpg,KAW_660,Kawahara,3,44,external,stage2,densenet121,densenet121_proc_subsample,1,0,1,False,0.0022747233,0.0062267184,0.5438518,0.5376251,0.7661794,0.77882;0.78200;0.82866;0.78679;0.75000;0.67050;0.81757;0.75491;0.77424;0.70049;0.79771;0.71243;0.79708;0.78826;0.75219;0.78150;0.75347;0.83815;0.79724;0.79897;0.78956;0.71731;0.81989;0.70558;0.74521;0.65919;0.68035;0.78432;0.82908;0.79391,0.7661794
D:\REGAN-Projek\THESIS\Dataset\Kawahara\release\images\NBL\Nbl034.jpg,NBL/Nbl034.jpg,KAW_661,Kawahara,3,44,external,stage2,densenet121,densenet121_proc_subsample,1,0,1,False,0.00029452995,0.0036859363,0.16350594,0.15982,0.9613885,0.97129;0.97595;0.96274;0.97394;0.96772;0.94570;0.97129;0.97590;0.97414;0.95590;0.95565;0.95096;0.95961;0.91134;0.98156;0.97329;0.96051;0.93021;0.93171;0.96915;0.97927;0.94986;0.97680;0.94679;0.96398;0.97069;0.97924;0.95712;0.93593;0.98341,0.9613885
D:\REGAN-Projek\THESIS\Dataset\Kawahara\release\images\NFL\Nfl063.jpg,NFL/Nfl063.jpg,KAW_662,Kawahara,3,44,external,stage2,densenet121,densenet121_proc_subsample,1,0,1,False,0.0025239135,0.006350398,0.59147847,0.58512807,0.72155523,0.29462;0.28071;0.24799;0.30767;0.28160;0.18669;0.20593;0.25238;0.32466;0.23846;0.18669;0.28977;0.34488;0.28837;0.27650;0.27738;0.35555;0.28737;0.21618;0.29038;0.28827;0.38688;0.19636;0.31616;0.28042;0.36636;0.31965;0.23266;0.24872;0.28408,0.27844477
D:\REGAN-Projek\THESIS\Dataset\Kawahara\release\images\NFL\nfl070.jpg,NFL/nfl070.jpg,KAW_663,Kawahara,3,44,external,stage2,densenet121,densenet121_proc_subsample,1,0,1,False,0.0010692064,0.0046878457,0.38921812,0.38453028,0.86850536,0.14743;0.14805;0.08679;0.17162;0.16735;0.14463;0.19391;0.19498;0.10762;0.14670;0.17554;0.07572;0.10035;0.18374;0.12571;0.11143;0.13893;0.12592;0.07572;0.10669;0.09808;0.12603;0.15778;0.10539;0.10688;0.11879;0.10521;0.14319;0.14475;0.10990,0.13149466
D:\REGAN-Projek\THESIS\Dataset\Kawahara\release\images\NFL\nfl072.jpg,NFL/nfl072.jpg,KAW_664,Kawahara,3,44,external,stage2,densenet121,densenet121_proc_subsample,1,0,1,False,0.0033359686,0.0067720413,0.689924,0.68315196,0.540123,0.47649;0.43692;0.35600;0.47726;0.53145;0.54849;0.51409;0.53470;0.46566;0.47786;0.42919;0.51437;0.47803;0.36704;0.43710;0.52141;0.36614;0.49596;0.41775;0.45323;0.51652;0.33394;0.45526;0.40969;0.46293;0.50759;0.50160;0.51783;0.40151;0.39030,0.45987704
D:\REGAN-Projek\THESIS\Dataset\Kawahara\release\images\NGL\Ngl008.jpg,NGL/Ngl008.jpg,KAW_665,Kawahara,3,44,external,stage2,densenet121,densenet121_proc_subsample,1,0,1,False,0.0019578934,0.0065822303,0.46354434,0.4569621,0.8251174,0.13342;0.15368;0.11951;0.12918;0.27885;0.17245;0.27164;0.13707;0.10613;0.15330;0.13006;0.18536;0.16198;0.20931;0.13523;0.20323;0.23917;0.14978;0.13987;0.18213;0.19869;0.19993;0.25926;0.19791;0.16238;0.13776;0.15469;0.14694;0.20181;0.19575,0.17488258
D:\REGAN-Projek\THESIS\Dataset\Kawahara\release\images\NGL\Ngl013.jpg,NGL/Ngl013.jpg,KAW_666,Kawahara,3,44,external,stage2,densenet121,densenet121_proc_subsample,1,0,1,False,0.0008688983,0.004443854,0.34397924,0.3395354,0.8912094,0.06967;0.10230;0.09982;0.09285;0.12189;0.09552;0.09825;0.09773;0.13308;0.10195;0.13858;0.08419;0.07950;0.13661;0.08389;0.07696;0.09791;0.11697;0.15883;0.09335;0.06290;0.17469;0.10932;0.11992;0.14978;0.13017;0.05490;0.09825;0.11616;0.16776,0.108790554
D:\REGAN-Projek\THESIS\Dataset\Kawahara\release\images\NGL\Ngl017.jpg,NGL/Ngl017.jpg,KAW_667,Kawahara,3,44,external,stage2,densenet121,densenet121_proc_subsample,1,0,1,False,0.0010098537,0.0045904517,0.35852152,0.35393107,0.88417584,0.84454;0.91368;0.86107;0.90448;0.87267;0.90499;0.89698;0.77115;0.84104;0.84325;0.88524;0.91007;0.90731;0.88384;0.92359;0.88223;0.88069;0.88080;0.91070;0.90140;0.85978;0.89965;0.92262;0.91197;0.85681;0.88121;0.90000;0.86793;0.92550;0.88008,0.88417584
D:\REGAN-Projek\THESIS\Dataset\Kawahara\release\images\NGL\Ngl019.jpg,NGL/Ngl019.jpg,KAW_668,Kawahara,3,44,external,stage2,densenet121,densenet121_proc_subsample,1,0,1,False,0.0015330001,0.0046648085,0.5006305,0.4959657,0.79983544,0.83224;0.84052;0.79150;0.82559;0.77764;0.74298;0.84000;0.74688;0.76769;0.82545;0.79756;0.81960;0.82573;0.85657;0.81464;0.84518;0.71063;0.81153;0.70982;0.79246;0.76278;0.76242;0.75092;0.82290;0.83224;0.81932;0.81479;0.82375;0.78875;0.84299,0.79983544
D:\REGAN-Projek\THESIS\Dataset\Kawahara\release\images\NGL\Ngl021.jpg,NGL/Ngl021.jpg,KAW_669,Kawahara,3,44,external,stage2,densenet121,densenet121_proc_subsample,1,0,1,False,0.005044399,0.010212362,0.6928149,0.6826025,0.5128891,0.50566;0.54734;0.55317;0.53358;0.47382;0.54277;0.40533;0.49270;0.54740;0.51588;0.48420;0.46193;0.58338;0.30653;0.61266;0.56614;0.42399;0.53182;0.60241;0.65765;0.46032;0.47281;0.41135;0.49963;0.55504;0.55378;0.43248;0.55998;0.51321;0.57970,0.5128891
D:\REGAN-Projek\THESIS\Dataset\Kawahara\release\images\NGL\Ngl027.jpg,NGL/Ngl027.jpg,KAW_670,Kawahara,3,44,external,stage2,densenet121,densenet121_proc_subsample,1,0,1,False,0.003184889,0.0076373816,0.6011991,0.5935617,0.7110608,0.79518;0.64075;0.78695;0.58469;0.74872;0.75905;0.75762;0.75600;0.65951;0.66595;0.75183;0.68098;0.72545;0.68889;0.75958;0.65213;0.67394;0.73526;0.57009;0.69523;0.71073;0.69647;0.63420;0.75401;0.72399;0.79534;0.74298;0.70599;0.74503;0.73526,0.7110608
D:\REGAN-Projek\THESIS\Dataset\Kawahara\release\images\NGL\Ngl039.jpg,NGL/Ngl039.jpg,KAW_671,Kawahara,3,44,external,stage2,densenet121,densenet121_proc_subsample,1,0,1,False,0.0027912431,0.0075380206,0.552135,0.54459697,0.7590827,0.64075;0.69004;0.73039;0.74743;0.66149;0.77356;0.76118;0.82033;0.73659;0.76786;0.74982;0.69014;0.82991;0.75905;0.80163;0.79803;0.86328;0.74595;0.82587;0.75092;0.77899;0.63511;0.78349;0.81932;0.76225;0.75455;0.77526;0.77356;0.78564;0.76012,0.7590827
D:\REGAN-Projek\THESIS\Dataset\Kawahara\release\images\NGL\Ngl055.jpg,NGL/Ngl055.jpg,KAW_672,Kawahara,3,44,external,stage2,densenet121,densenet121_proc_subsample,1,0,1,False,0.0017014525,0.0068914294,0.40291858,0.39602715,0.8611236,0.92164;0.82361;0.86681;0.80054;0.88798;0.74223;0.91039;0.91611;0.84847;0.77662;0.87493;0.81874;0.87925;0.86749;0.91490;0.89368;0.86408;0.84351;0.91979;0.85645;0.87935;0.86849;0.82361;0.83387;0.87137;0.87987;0.84325;0.89275;0.84632;0.86760,0.8611236
D:\REGAN-Projek\THESIS\Dataset\Kawahara\release\images\NGL\Ngl064.jpg,NGL/Ngl064.jpg,KAW_673,Kawahara,3,44,external,stage2,densenet121,densenet121_proc_subsample,1,0,1,False,0.0036255985,0.0074161887,0.6855484,0.67813224,0.5615609,0.58231;0.49094;0.61757;0.60958;0.53136;0.56266;0.48247;0.49633;0.56716;0.70069;0.43242;0.54858;0.62977;0.49524;0.51428;0.51496;0.64891;0.51699;0.58824;0.56842;0.55730;0.61086;0.59172;0.57165;0.52429;0.46369;0.60603;0.56314;0.64891;0.61034,0.5615609
D:\REGAN-Projek\THESIS\Dataset\Kawahara\release\images\NGL\Ngl100.jpg,NGL/Ngl100.jpg,KAW_674,Kawahara,3,44,external,stage2,densenet121,densenet121_proc_subsample,1,0,1,False,0.0008808542,0.0035143793,0.41377842,0.41026405,0.8550894,0.15948;0.14743;0.20514;0.14116;0.22885;0.16654;0.16613;0.11476;0.10990;0.14451;0.14682;0.11143;0.12798;0.14164;0.13558;0.13800;0.16886;0.15546;0.09965;0.17540;0.13095;0.13649;0.16735;0.16238;0.10632;0.14597;0.08710;0.12013;0.17023;0.13569,0.14491054
D:\REGAN-Projek\THESIS\Dataset\Kawahara\release\images\NIL\Nil066.jpg,NIL/Nil066.jpg,KAW_675,Kawahara,3,44,external,stage2,densenet121,densenet121_proc_subsample,1,0,1,False,0.0025093344,0.0068648458,0.5543115,0.54744667,0.75717753,0.81903;0.76925;0.74909;0.75201;0.82531;0.81845;0.82361;0.69658;0.72788;0.74074;0.75797;0.68700;0.78514;0.78415;0.76995;0.80502;0.70243;0.75256;0.81138;0.71243;0.70872;0.71612;0.81450;0.71879;0.68658;0.78299;0.84594;0.65102;0.78956;0.71113,0.75717753
D:\REGAN-Projek\THESIS\Dataset\Kawahara\release\images\NIL\Nil070.jpg,NIL/Nil070.jpg,KAW_676,Kawahara,3,44,external,stage2,densenet121,densenet121_proc_subsample,1,0,1,False,0.0023115645,0.007006407,0.51459587,0.50758946,0.78951705,0.23441;0.12984;0.18952;0.22034;0.26417;0.27640;0.29340;0.29239;0.20482;0.15843;0.21436;0.17134;0.19869;0.19148;0.21502;0.18937;0.20802;0.16941;0.19452;0.31216;0.22988;0.25110;0.13263;0.12603;0.24981;0.14415;0.18907;0.19208;0.22764;0.24400,0.21048294
D:\REGAN-Projek\THESIS\Dataset\Kawahara\release\images\NIL\Nil076.jpg,NIL/Nil076.jpg,KAW_677,Kawahara,3,44,external,stage2,densenet121,densenet121_proc_subsample,1,0,1,False,0.00071786175,0.004594058,0.28711098,0.28251693,0.91655195,0.06442;0.05450;0.09825;0.10932;0.09154;0.06954;0.05410;0.06841;0.05552;0.06891;0.10838;0.12347;0.08710;0.10411;0.04968;0.07251;0.05954;0.06596;0.08389;0.05370;0.09860;0.04877;0.10448;0.10035;0.04552;0.15701;0.08181;0.10895;0.12485;0.09025,0.08344806
D:\REGAN-Projek\THESIS\Dataset\Kawahara\release\images\NIL\Nil078.jpg,NIL/Nil078.jpg,KAW_678,Kawahara,3,44,external,stage2,densenet121,densenet121_proc_subsample,1,0,1,False,0.00045355552,0.0032038093,0.27378342,0.2705796,0.9220299,0.92684;0.95141;0.89752;0.95405;0.90975;0.90813;0.92136;0.95078;0.93463;0.91745;0.88876;0.92763;0.93475;0.95647;0.92248;0.92854;0.92093;0.89607;0.88384;0.94303;0.93969;0.89442;0.93605;0.91993;0.88876;0.90764;0.89894;0.94046;0.90748;0.95310,0.9220299
D:\REGAN-Projek\THESIS\Dataset\Kawahara\release\images\NIL\Nil088.jpg,NIL/Nil088.jpg,KAW_679,Kawahara,3,44,external,stage2,densenet121,densenet121_proc_subsample,1,0,1,False,2.083992e-05,0.0009461157,0.058735505,0.05778939,0.98940116,0.98458;0.98776;0.99486;0.99206;0.98017;0.99055;0.98615;0.97608;0.98963;0.99125;0.99037;0.99245;0.98723;0.98222;0.99203;0.99440;0.99037;0.99139;0.99022;0.98521;0.98487;0.98987;0.99676;0.99436;0.98662;0.99059;0.99132;0.99508;0.99364;0.98995,0.98940116
D:\REGAN-Projek\THESIS\Dataset\Kawahara\release\images\NIL\Nil096.jpg,NIL/Nil096.jpg,KAW_680,Kawahara,3,44,external,stage2,densenet121,densenet121_proc_subsample,1,0,1,False,0.0021696787,0.004379809,0.69237465,0.68799484,0.51965123,0.51414;0.51852;0.49463;0.52328;0.51792;0.34721;0.46347;0.54220;0.46669;0.51960;0.50391;0.37949;0.51675;0.48652;0.45562;0.49996;0.56494;0.47825;0.46187;0.48388;0.47325;0.45193;0.48716;0.48202;0.42018;0.54876;0.49344;0.44258;0.42734;0.44496,0.48034877
D:\REGAN-Projek\THESIS\Dataset\Kawahara\release\images\NIL\Nil100.jpg,NIL/Nil100.jpg,KAW_681,Kawahara,3,44,external,stage2,densenet121,densenet121_proc_subsample,1,0,1,False,0.0024118223,0.005352676,0.6404632,0.6351105,0.66086036,0.66595;0.74447;0.69410;0.52759;0.74817;0.60253;0.66910;0.61653;0.59119;0.66356;0.67726;0.64769;0.65346;0.59096;0.67512;0.66628;0.68067;0.68878;0.69740;0.70710;0.60066;0.72749;0.63624;0.62372;0.59690;0.69606;0.70690;0.67308;0.67480;0.68204,0.66086036
D:\REGAN-Projek\THESIS\Dataset\Kawahara\release\images\NIL\Nil103.jpg,NIL/Nil103.jpg,KAW_682,Kawahara,3,44,external,stage2,densenet121,densenet121_proc_subsample,1,0,1,False,0.0010797362,0.0049405396,0.36313477,0.35819423,0.88189375,0.89607;0.88028;0.90515;0.84860;0.88972;0.81641;0.92563;0.89200;0.90053;0.88759;0.83921;0.86782;0.88263;0.88243;0.93835;0.88263;0.82531;0.87904;0.90175;0.87246;0.88740;0.88324;0.92206;0.89589;0.84569;0.90448;0.91398;0.78531;0.90532;0.89983,0.88189375
D:\REGAN-Projek\THESIS\Dataset\Kawahara\release\images\NLL\Nll002.jpg,NLL/Nll002.jpg,KAW_683,Kawahara,3,44,external,stage2,densenet121,densenet121_proc_subsample,1,0,1,False,0.0017166456,0.0037560463,0.6455672,0.64181113,0.65300405,0.42280;0.30653;0.34213;0.42179;0.35410;0.39292;0.30270;0.29411;0.33285;0.37771;0.34235;0.30105;0.30580;0.33939;0.35387;0.33644;0.34279;0.44246;0.32928;0.35847;0.32767;0.31237;0.32735;0.42405;0.30033;0.34279;0.28239;0.33144;0.38128;0.38064,0.34699598
D:\REGAN-Projek\THESIS\Dataset\Kawahara\release\images\NLL\Nll004.jpg,NLL/Nll004.jpg,KAW_684,Kawahara,3,44,external,stage2,densenet121,densenet121_proc_subsample,1,0,1,False,0.00041979348,0.003810659,0.20340762,0.19959696,0.94832855,0.95938;0.96357;0.96432;0.96944;0.89912;0.94489;0.90715;0.96146;0.89368;0.95869;0.97001;0.95222;0.96378;0.93416;0.95672;0.90715;0.95647;0.95388;0.94090;0.94920;0.96392;0.95704;0.93835;0.96132;0.94251;0.94489;0.95448;0.95114;0.97063;0.95938,0.94832855
D:\REGAN-Projek\THESIS\Dataset\Kawahara\release\images\NML\Nml022.jpg,NML/Nml022.jpg,KAW_685,Kawahara,3,44,external,stage2,densenet121,densenet121_proc_subsample,1,0,1,False,0.0011929416,0.0034700632,0.5247611,0.521291,0.78168964,0.17982;0.27777;0.27777;0.20466;0.18654;0.20577;0.20229;0.26817;0.24527;0.25479;0.20103;0.21667;0.22661;0.21174;0.26683;0.20339;0.23092;0.18097;0.23075;0.16358;0.19467;0.24945;0.28827;0.19729;0.18624;0.21784;0.21207;0.16722;0.23371;0.16722,0.21831036
D:\REGAN-Projek\THESIS\Dataset\Kawahara\release\images\NML\Nml077.jpg,NML/Nml077.jpg,KAW_686,Kawahara,3,44,external,stage2,densenet121,densenet121_proc_subsample,1,0,1,False,0.0034483622,0.008176625,0.6119877,0.6038111,0.69866914,0.68416;0.75528;0.68920;0.58546;0.63091;0.69472;0.74280;0.67715;0.56997;0.63125;0.70761;0.72952;0.75797;0.70089;0.66595;0.75994;0.79166;0.76594;0.69492;0.64702;0.61763;0.64601;0.75744;0.77424;0.67747;0.68321;0.75958;0.78150;0.64635;0.73431,0.69866914
D:\REGAN-Projek\THESIS\Dataset\Kawahara\release\images\NML\Nml079.jpg,NML/Nml079.jpg,KAW_687,Kawahara,3,44,external,stage2,densenet121,densenet121_proc_subsample,1,0,1,False,0.0028543284,0.009016275,0.48398328,0.474967,0.8115393,0.15662;0.13998;0.17217;0.14536;0.26455;0.13207;0.22627;0.17953;0.16225;0.17526;0.17441;0.19345;0.10088;0.21684;0.24346;0.29371;0.12096;0.16954;0.27445;0.18447;0.12918;0.17996;0.33731;0.18817;0.17175;0.24581;0.19900;0.17795;0.17231;0.12614,0.18846068
D:\REGAN-Projek\THESIS\Dataset\Kawahara\release\images\Adl\Adl305.jpg,Adl/Adl305.jpg,KAW_688,Kawahara,3,44,external,stage2,densenet121,densenet121_proc_subsample,1,0,1,False,0.0041137617,0.008299589,0.69314605,0.68484646,0.50075257,0.51232;0.55754;0.41626;0.45983;0.52945;0.60072;0.46120;0.40081;0.54250;0.43960;0.54562;0.53428;0.63205;0.54701;0.66845;0.50897;0.47981;0.48081;0.47862;0.45269;0.51020;0.43470;0.47139;0.55586;0.46396;0.42877;0.46256;0.46466;0.39993;0.53686,0.49924743
D:\REGAN-Projek\THESIS\Dataset\Kawahara\release\images\Adl\Adl313.jpg,Adl/Adl313.jpg,KAW_689,Kawahara,3,44,external,stage2,densenet121,densenet121_proc_subsample,1,0,1,False,0.000926356,0.0040596426,0.36804813,0.3639885,0.87943554,0.10762;0.12148;0.11066;0.15178;0.11496;0.09569;0.13881;0.10429;0.10321;0.14512;0.07822;0.14057;0.12464;0.09025;0.09773;0.11596;0.09236;0.13240;0.08993;0.22902;0.13017;0.17245;0.10248;0.10650;0.11338;0.16198;0.14022;0.08314;0.11556;0.10632,0.12056446
D:\REGAN-Projek\THESIS\Dataset\Kawahara\release\images\Ael\Ael490.jpg,Ael/Ael490.jpg,KAW_690,Kawahara,3,44,external,stage2,densenet121,densenet121_proc_subsample,1,0,1,False,0.0017813698,0.004290521,0.60844207,0.60415155,0.70283616,0.23722;0.31289;0.32982;0.22304;0.26058;0.34654;0.32767;0.31090;0.32724;0.28003;0.33524;0.29159;0.28707;0.30590;0.31258;0.28299;0.38255;0.28637;0.23179;0.37559;0.29870;0.32242;0.23318;0.34444;0.28121;0.24581;0.34092;0.24817;0.30757;0.24490,0.29716384
D:\REGAN-Projek\THESIS\Dataset\Kawahara\release\images\Ael\Ael492.jpg,Ael/Ael492.jpg,KAW_691,Kawahara,3,44,external,stage2,densenet121,densenet121_proc_subsample,1,0,1,False,0.0019496417,0.00396055,0.6870171,0.68305653,0.5553063,0.42334;0.46970;0.49702;0.46934;0.39852;0.34765;0.41389;0.43975;0.41543;0.47964;0.42805;0.40504;0.45511;0.50173;0.37903;0.53829;0.47093;0.47909;0.45883;0.49104;0.47704;0.44846;0.42256;0.39735;0.43924;0.45009;0.38601;0.52802;0.39298;0.43764,0.4446937
D:\REGAN-Projek\THESIS\Dataset\Kawahara\release\images\Ael\Ael504.jpg,Ael/Ael504.jpg,KAW_692,Kawahara,3,44,external,stage2,densenet121,densenet121_proc_subsample,1,0,1,False,0.00080310926,0.0040299296,0.33678946,0.33275953,0.89459956,0.91819;0.91337;0.91789;0.89350;0.86385;0.90780;0.90975;0.87674;0.89461;0.92684;0.91086;0.92036;0.89181;0.90862;0.91429;0.90632;0.89479;0.88759;0.80147;0.88263;0.89679;0.87060;0.89643;0.94314;0.86316;0.91701;0.92550;0.88303;0.84885;0.85220,0.89459956
D:\REGAN-Projek\THESIS\Dataset\Kawahara\release\images\Gzl\gzl04.jpg,Gzl/gzl04.jpg,KAW_693,Kawahara,3,44,external,stage2,densenet121,densenet121_proc_subsample,1,0,1,False,0.0026654836,0.0075434446,0.5432291,0.53568566,0.76670337,0.77339;0.72360;0.72962;0.74706;0.84872;0.82205;0.73450;0.77999;0.76047;0.86339;0.70038;0.78498;0.84835;0.70751;0.81168;0.72856;0.69709;0.78133;0.68279;0.74632;0.65951;0.79230;0.80302;0.83169;0.78858;0.75528;0.82119;0.75851;0.71731;0.80194,0.76670337
D:\REGAN-Projek\THESIS\Dataset\Kawahara\release\images\Gzl\gzl16.jpg,Gzl/gzl16.jpg,KAW_694,Kawahara,3,44,external,stage2,densenet121,densenet121_proc_subsample,1,0,1,False,0.009768564,0.01985681,0.69274306,0.67288625,0.51421386,0.37296;0.34466;0.48308;0.52441;0.29665;0.61740;0.46272;0.62217;0.54250;0.53318;0.57726;0.60691;0.46642;0.40022;0.52066;0.47669;0.47979;0.52745;0.45823;0.59990;0.39356;0.40327;0.59649;0.57934;0.64299;0.65224;0.71283;0.59267;0.52307;0.41668,0.51421386
D:\REGAN-Projek\THESIS\Dataset\Kawahara\release\images\Gzl\gzl76.jpg,Gzl/gzl76.jpg,KAW_695,Kawahara,3,44,external,stage2,densenet121,densenet121_proc_subsample,1,0,1,False,0.0015263968,0.004224181,0.5430956,0.5388714,0.7668156,0.21535;0.26303;0.23581;0.23283;0.17896;0.23846;0.29951;0.18713;0.21568;0.23599;0.19791;0.29300;0.24872;0.17724;0.24274;0.21984;0.17795;0.32606;0.17653;0.22713;0.26971;0.20882;0.27757;0.20087;0.26303;0.21305;0.22034;0.20979;0.29900;0.24346,0.23318441
D:\REGAN-Projek\THESIS\Dataset\Kawahara\release\images\Gzl\gzl50.jpg,Gzl/gzl50.jpg,KAW_696,Kawahara,3,44,external,stage2,densenet121,densenet121_proc_subsample,1,0,1,False,0.00040447508,0.003613755,0.2134498,0.20983605,0.9448355,0.96073;0.96204;0.94155;0.93902;0.96139;0.95838;0.93640;0.95013;0.95791;0.89331;0.95663;0.97750;0.95186;0.95397;0.94479;0.94057;0.97215;0.93858;0.95345;0.92710;0.94079;0.91833;0.96564;0.92670;0.94479;0.92918;0.94670;0.96161;0.88484;0.94901,0.9448355
D:\REGAN-Projek\THESIS\Dataset\Kawahara\release\images\Gal\Gal108.jpg,Gal/Gal108.jpg,KAW_697,Kawahara,3,44,external,stage2,densenet121,densenet121_proc_subsample,1,0,1,False,0.0002974117,0.0032048374,0.18562451,0.18241967,0.9543097,0.92697;0.94939;0.96014;0.97364;0.97046;0.94428;0.93925;0.89965;0.96903;0.97843;0.95456;0.95938;0.95240;0.95631;0.97685;0.96175;0.92815;0.95639;0.95720;0.94303;0.95388;0.96577;0.96499;0.94479;0.92880;0.96518;0.96267;0.94335;0.96518;0.97741,0.9543097
D:\REGAN-Projek\THESIS\Dataset\Kawahara\release\images\Gal\Gal113.jpg,Gal/Gal113.jpg,KAW_698,Kawahara,3,44,external,stage2,densenet121,densenet121_proc_subsample,1,0,1,False,0.002459436,0.012430429,0.32316896,0.31073853,0.9008692,0.75618;0.80792;0.92206;0.94122;0.87904;0.93146;0.96132;0.92723;0.89048;0.93208;0.93294;0.82783;0.92828;0.92304;0.91551;0.89787;0.79134;0.94967;0.87904;0.94133;0.89770;0.89734;0.85158;0.95310;0.90549;0.94728;0.86281;0.91686;0.91641;0.94165,0.9008692
D:\REGAN-Projek\THESIS\Dataset\Kawahara\release\images\Gal\Gal146.jpg,Gal/Gal146.jpg,KAW_699,Kawahara,3,44,external,stage2,densenet121,densenet121_proc_subsample,1,0,1,False,0.00038335208,0.0032927692,0.22462338,0.22133061,0.9408496,0.93071;0.91789;0.96564;0.96371;0.95013;0.95195;0.95231;0.92387;0.94719;0.92763;0.96635;0.94002;0.90140;0.90018;0.89124;0.96538;0.96253;0.93710;0.93021;0.94155;0.92400;0.94229;0.95954;0.94679;0.93523;0.96014;0.94728;0.95041;0.93936;0.95345,0.9408496
D:\REGAN-Projek\THESIS\Dataset\Kawahara\release\images\Gal\Gal257.jpg,Gal/Gal257.jpg,KAW_700,Kawahara,3,44,external,stage2,densenet121,densenet121_proc_subsample,1,0,1,False,0.002658345,0.005346,0.6928098,0.6874638,0.5129872,0.52939;0.49716;0.50611;0.58948;0.55088;0.53917;0.46463;0.45184;0.52455;0.48133;0.43833;0.40034;0.50592;0.44444;0.58552;0.44924;0.54141;0.50549;0.47068;0.51294;0.52191;0.49357;0.52100;0.43386;0.40875;0.42931;0.46788;0.37285;0.51352;0.45889,0.4870128
D:\REGAN-Projek\THESIS\Dataset\Kawahara\release\images\Gal\Gal211.jpg,Gal/Gal211.jpg,KAW_701,Kawahara,3,44,external,stage2,densenet121,densenet121_proc_subsample,1,0,1,False,0.0025472627,0.0064685345,0.5875133,0.5810448,0.725675,0.74577;0.83004;0.74743;0.69171;0.75437;0.75618;0.79897;0.68014;0.71582;0.79150;0.77764;0.76612;0.69730;0.67158;0.66149;0.76401;0.75219;0.67897;0.68236;0.78597;0.73791;0.77831;0.70426;0.69389;0.66715;0.66017;0.77526;0.70161;0.62338;0.67875,0.725675
D:\REGAN-Projek\THESIS\Dataset\Kawahara\release\images\FAL\FAL066.JPG,FAL/FAL066.JPG,KAW_702,Kawahara,3,44,external,stage2,densenet121,densenet121_proc_subsample,1,0,1,False,0.00095489045,0.0041217804,0.3949617,0.39083993,0.86544126,0.90000;0.80731;0.88202;0.86905;0.83669;0.88100;0.88243;0.86049;0.86838;0.83332;0.89162;0.85403;0.83602;0.91760;0.81048;0.86805;0.85391;0.83155;0.90346;0.86534;0.84505;0.86235;0.91877;0.86994;0.90515;0.88161;0.83589;0.87873;0.80716;0.90582,0.86544126
D:\REGAN-Projek\THESIS\Dataset\Kawahara\release\images\FAL\Fal078.jpg,FAL/Fal078.jpg,KAW_703,Kawahara,3,44,external,stage2,densenet121,densenet121_proc_subsample,1,0,1,False,0.0031462447,0.006895542,0.6470109,0.6401154,0.6507021,0.28141;0.49340;0.31416;0.39846;0.31521;0.29381;0.39088;0.36342;0.27202;0.47244;0.28279;0.38278;0.23988;0.34488;0.34798;0.30013;0.38059;0.33579;0.32993;0.33274;0.37662;0.33895;0.38036;0.38989;0.36716;0.38283;0.32659;0.31101;0.43278;0.30003,0.34929785
D:\REGAN-Projek\THESIS\Dataset\Kawahara\release\images\FBL\FBL046.JPG,FBL/FBL046.JPG,KAW_704,Kawahara,3,44,external,stage2,densenet121,densenet121_proc_subsample,1,0,1,False,0.0038778079,0.008360207,0.66038185,0.65202165,0.6272907,0.28101;0.31976;0.28428;0.43069;0.41235;0.24060;0.28697;0.40028;0.47436;0.35432;0.40515;0.41152;0.37840;0.35042;0.39036;0.32210;0.52975;0.36580;0.40716;0.36966;0.34444;0.29351;0.42865;0.42543;0.38856;0.41858;0.32050;0.44493;0.35510;0.34665,0.3727093
D:\REGAN-Projek\THESIS\Dataset\Kawahara\release\images\FBL\Fbl050.jpg,FBL/Fbl050.jpg,KAW_705,Kawahara,3,44,external,stage2,densenet121,densenet121_proc_subsample,1,0,1,False,0.003478038,0.007273495,0.6775888,0.6703153,0.58797014,0.53923;0.53498;0.46721;0.69565;0.58249;0.53986;0.56488;0.57678;0.61202;0.44728;0.73564;0.62829;0.55043;0.53598;0.59866;0.68742;0.59737;0.58646;0.66812;0.61040;0.61127;0.61619;0.57630;0.56716;0.57481;0.57422;0.63534;0.57302;0.57445;0.57720,0.58797014
D:\REGAN-Projek\THESIS\Dataset\Kawahara\release\images\FBL\FBL058.JPG,FBL/FBL058.JPG,KAW_706,Kawahara,3,44,external,stage2,densenet121,densenet121_proc_subsample,1,0,1,False,0.0011605668,0.003911078,0.4797777,0.47586662,0.8144013,0.22219;0.18595;0.21403;0.17568;0.16817;0.19315;0.17273;0.18817;0.20166;0.23935;0.11457;0.15559;0.22253;0.18141;0.19376;0.26569;0.22988;0.20979;0.19133;0.17065;0.16899;0.13342;0.21354;0.15431;0.19806;0.20071;0.11299;0.14817;0.17413;0.16735,0.18559867
D:\REGAN-Projek\THESIS\Dataset\Kawahara\release\images\Fll\Fll027.jpg,Fll/Fll027.jpg,KAW_707,Kawahara,3,44,external,stage2,densenet121,densenet121_proc_subsample,1,0,1,False,0.0017679448,0.0035476089,0.6929779,0.6894303,0.50920045,0.57559;0.54970;0.45196;0.45799;0.41798;0.45447;0.50985;0.42149;0.57027;0.49944;0.52548;0.48406;0.56134;0.47673;0.49308;0.45124;0.45735;0.40757;0.47456;0.52642;0.50477;0.47966;0.52354;0.48932;0.49221;0.45408;0.51146;0.50800;0.48142;0.51295,0.49079952
D:\REGAN-Projek\THESIS\Dataset\Kawahara\release\images\FBL\Fbl082.jpg,FBL/Fbl082.jpg,KAW_708,Kawahara,3,44,external,stage2,densenet121,densenet121_proc_subsample,1,0,1,False,0.002201453,0.004468918,0.68607116,0.68160224,0.55941105,0.44026;0.42036;0.48847;0.43338;0.45929;0.42131;0.44948;0.39747;0.40498;0.39601;0.47565;0.45556;0.42036;0.47134;0.40657;0.38532;0.50039;0.44607;0.54262;0.37479;0.53068;0.39595;0.37685;0.49942;0.36387;0.45705;0.39350;0.51679;0.45450;0.43936,0.44058895
D:\REGAN-Projek\THESIS\Dataset\Kawahara\release\images\FCL\Fcl026.jpg,FCL/Fcl026.jpg,KAW_709,Kawahara,3,44,external,stage2,densenet121,densenet121_proc_subsample,1,0,1,False,0.0034092132,0.00731647,0.6595303,0.6522138,0.62891567,0.33862;0.33557;0.48820;0.37938;0.41608;0.33917;0.30508;0.36128;0.31352;0.38537;0.29931;0.42292;0.38584;0.42250;0.37376;0.46059;0.42477;0.32178;0.45802;0.25851;0.44562;0.35779;0.29340;0.33557;0.45420;0.35242;0.34049;0.32295;0.43057;0.30923,0.37108433
D:\REGAN-Projek\THESIS\Dataset\Kawahara\release\images\FCL\Fcl060.jpg,FCL/Fcl060.jpg,KAW_710,Kawahara,3,44,external,stage2,densenet121,densenet121_proc_subsample,1,0,1,False,0.00057979475,0.0034338534,0.31661922,0.31318536,0.9038148,0.09773;0.10429;0.08756;0.09843;0.10088;0.07356;0.06816;0.05521;0.06681;0.09756;0.06596;0.10725;0.10632;0.13535;0.12885;0.09688;0.10035;0.13173;0.13998;0.10375;0.07030;0.08021;0.04410;0.14010;0.10932;0.07396;0.10484;0.09269;0.09982;0.10357,0.09618518
D:\REGAN-Projek\THESIS\Dataset\Kawahara\release\images\Fll\Fll045.jpg,Fll/Fll045.jpg,KAW_711,Kawahara,3,44,external,stage2,densenet121,densenet121_proc_subsample,1,0,1,False,0.0018990625,0.0038114786,0.6927333,0.6889218,0.5143844,0.52678;0.55326;0.51570;0.46232;0.44038;0.52394;0.47876;0.54713;0.56218;0.52613;0.53318;0.46521;0.53413;0.55486;0.46311;0.41561;0.47513;0.50986;0.56344;0.48153;0.52321;0.55254;0.52379;0.53768;0.55884;0.60813;0.48130;0.52353;0.54577;0.44411,0.5143844
D:\REGAN-Projek\THESIS\Dataset\Kawahara\release\images\FCL\Fcl100.jpg,FCL/Fcl100.jpg,KAW_712,Kawahara,3,44,external,stage2,densenet121,densenet121_proc_subsample,1,0,1,False,0.0021780638,0.004500866,0.68056226,0.6760614,0.57915807,0.64769;0.51911;0.57266;0.57481;0.57039;0.47150;0.55251;0.59702;0.55251;0.52124;0.62681;0.54320;0.52723;0.61150;0.54317;0.55064;0.59502;0.51967;0.58017;0.59308;0.62039;0.66301;0.58041;0.60516;0.62005;0.61613;0.55118;0.69420;0.56404;0.59025,0.57915807
D:\REGAN-Projek\THESIS\Dataset\Kawahara\release\images\FEL\Fel098.jpg,FEL/Fel098.jpg,KAW_713,Kawahara,3,44,external,stage2,densenet121,densenet121_proc_subsample,1,0,1,False,0.002952537,0.0074852705,0.58331406,0.5758288,0.72994447,0.35779;0.26095;0.25055;0.25312;0.20530;0.29421;0.20738;0.18773;0.24418;0.22867;0.32231;0.22034;0.37376;0.26913;0.27425;0.23811;0.26020;0.27048;0.30902;0.31891;0.30840;0.26133;0.38364;0.17245;0.34676;0.28537;0.20150;0.26664;0.32114;0.20802,0.2700555
D:\REGAN-Projek\THESIS\Dataset\Kawahara\release\images\FFL\FFL020.JPG,FFL/FFL020.JPG,KAW_714,Kawahara,3,44,external,stage2,densenet121,densenet121_proc_subsample,1,0,1,False,0.0020724877,0.004354477,0.6704242,0.66606975,0.6061845,0.35656;0.35847;0.42370;0.33361;0.37662;0.37148;0.34643;0.38682;0.46941;0.41277;0.36943;0.48546;0.36478;0.42399;0.33209;0.42376;0.41751;0.48715;0.39286;0.34687;0.41460;0.42417;0.40946;0.43344;0.36184;0.29351;0.40851;0.34279;0.43116;0.41520,0.39381552
D:\REGAN-Projek\THESIS\Dataset\Kawahara\release\images\FFL\Ffl092.jpg,FFL/Ffl092.jpg,KAW_715,Kawahara,3,44,external,stage2,densenet121,densenet121_proc_subsample,1,0,1,False,0.00034121977,0.0027241409,0.24815106,0.24542692,0.9321083,0.06929;0.05845;0.05644;0.06929;0.06222;0.08374;0.02801;0.05792;0.06020;0.04904;0.07627;0.05480;0.08495;0.09401;0.08961;0.07069;0.06418;0.11397;0.04485;0.07107;0.06621;0.10052;0.04561;0.07907;0.04296;0.08449;0.08065;0.07211;0.05781;0.04832,0.06789175
D:\REGAN-Projek\THESIS\Dataset\Kawahara\release\images\FFL\Ffl094.jpg,FFL/Ffl094.jpg,KAW_716,Kawahara,3,44,external,stage2,densenet121,densenet121_proc_subsample,1,0,1,False,0.002873459,0.0059019923,0.6790588,0.6731568,0.5837321,0.41265;0.39572;0.39426;0.34732;0.53771;0.45075;0.41365;0.42280;0.42346;0.41117;0.36568;0.36727;0.34477;0.44089;0.41076;0.36218;0.43602;0.39141;0.37114;0.47988;0.33296;0.46840;0.50224;0.44550;0.34709;0.38891;0.45892;0.38410;0.43314;0.54728,0.4162679
D:\REGAN-Projek\THESIS\Dataset\Kawahara\release\images\Fll\Fll071.jpg,Fll/Fll071.jpg,KAW_717,Kawahara,3,44,external,stage2,densenet121,densenet121_proc_subsample,1,0,1,False,0.001769011,0.00609681,0.4715302,0.4654334,0.8199098,0.23476;0.10248;0.20609;0.24382;0.17357;0.17753;0.16092;0.15191;0.22152;0.13742;0.12539;0.19133;0.18011;0.23336;0.23196;0.14731;0.13017;0.24292;0.14670;0.22118;0.13106;0.16505;0.19559;0.20181;0.12421;0.16438;0.19529;0.24095;0.20834;0.11556,0.18009017
D:\REGAN-Projek\THESIS\Dataset\Kawahara\release\images\FDL\Fdl056.jpg,FDL/Fdl056.jpg,KAW_718,Kawahara,3,44,external,stage2,densenet121,densenet121_proc_subsample,1,0,1,False,0.0018758056,0.0066655874,0.44015205,0.43348646,0.83970904,0.17838;0.18521;0.11818;0.12443;0.14953;0.14719;0.12263;0.23616;0.21800;0.17967;0.16613;0.14633;0.13823;0.23758;0.16600;0.12929;0.09947;0.17385;0.12023;0.27562;0.17092;0.24042;0.12951;0.12809;0.16600;0.15444;0.16092;0.11596;0.11338;0.11697,0.16029096
D:\REGAN-Projek\THESIS\Dataset\Kawahara\release\images\Gbl\Gbl009.jpg,Gbl/Gbl009.jpg,KAW_719,Kawahara,3,44,external,stage2,densenet121,densenet121_proc_subsample,1,0,1,False,0.00034218162,0.004402235,0.1388581,0.13445586,0.968809,0.97544;0.98208;0.96337;0.98028;0.97030;0.97273;0.97384;0.96590;0.97553;0.97801;0.94767;0.88720;0.96398;0.94986;0.97534;0.96051;0.98262;0.98282;0.98372;0.95830;0.96044;0.96432;0.95908;0.98499;0.97118;0.98698;0.98771;0.97167;0.96479;0.98360,0.968809
D:\REGAN-Projek\THESIS\Dataset\Kawahara\release\images\Gcl\Gcl094.jpg,Gcl/Gcl094.jpg,KAW_720,Kawahara,3,44,external,stage2,densenet121,densenet121_proc_subsample,1,0,1,False,0.0023103312,0.005977154,0.5726237,0.5666466,0.74041367,0.62943;0.67854;0.71988;0.72652;0.80271;0.75037;0.62784;0.72894;0.79246;0.73942;0.74725;0.78481;0.75851;0.82755;0.71938;0.73048;0.71691;0.74577;0.80147;0.72399;0.71850;0.75708;0.75815;0.77747;0.78432;0.67705;0.75274;0.68405;0.81917;0.73163,0.74041367
D:\REGAN-Projek\THESIS\Dataset\Kawahara\release\images\Gdl\Gdl014.jpg,Gdl/Gdl014.jpg,KAW_721,Kawahara,3,44,external,stage2,densenet121,densenet121_proc_subsample,1,0,1,False,0.0046073277,0.0096639395,0.6716976,0.6620337,0.6031886,0.28239;0.40380;0.42865;0.49223;0.47987;0.37829;0.41947;0.34027;0.54447;0.38566;0.45190;0.32263;0.25777;0.32670;0.39321;0.35421;0.35042;0.35510;0.39613;0.42584;0.47048;0.34942;0.40451;0.42519;0.37834;0.37205;0.39391;0.44357;0.32167;0.55619,0.39681143
D:\REGAN-Projek\THESIS\Dataset\Kawahara\release\images\Gdl\Gdl021.jpg,Gdl/Gdl021.jpg,KAW_722,Kawahara,3,44,external,stage2,densenet121,densenet121_proc_subsample,1,0,1,False,0.002599147,0.005270183,0.6902085,0.6849383,0.53831303,0.46745;0.66269;0.53728;0.46305;0.59060;0.56284;0.52208;0.55504;0.52586;0.61016;0.40280;0.63692;0.55278;0.50769;0.51786;0.53662;0.55432;0.55169;0.53212;0.52604;0.57994;0.51060;0.49192;0.50851;0.52458;0.52897;0.52118;0.53094;0.61515;0.52171,0.53831303
D:\REGAN-Projek\THESIS\Dataset\Kawahara\release\images\Gdl\Gdl025.jpg,Gdl/Gdl025.jpg,KAW_723,Kawahara,3,44,external,stage2,densenet121,densenet121_proc_subsample,1,0,1,False,0.00067561085,0.004684061,0.26616052,0.26147646,0.9250891,0.89841;0.93367;0.88779;0.93233;0.94995;0.93755;0.94873;0.89841;0.95615;0.95507;0.88991;0.94240;0.92262;0.92359;0.95405;0.96772;0.93902;0.94901;0.87904;0.94787;0.90829;0.92276;0.91490;0.92710;0.91906;0.84947;0.90926;0.92854;0.92428;0.93570,0.9250891
D:\REGAN-Projek\THESIS\Dataset\Kawahara\release\images\Ggl\Ggl050.jpg,Ggl/Ggl050.jpg,KAW_724,Kawahara,3,44,external,stage2,densenet121,densenet121_proc_subsample,1,0,1,False,0.0028925196,0.006182492,0.65917194,0.65298945,0.6295931,0.68721;0.64142;0.54668;0.67007;0.55992;0.53355;0.64991;0.60492;0.60609;0.59708;0.63341;0.62818;0.63159;0.55275;0.69056;0.61156;0.70375;0.67082;0.68226;0.72894;0.68035;0.64221;0.66639;0.51018;0.55067;0.64288;0.59490;0.65102;0.66650;0.65202,0.6295931
D:\REGAN-Projek\THESIS\Dataset\Kawahara\release\images\Ggl\Ggl058.jpg,Ggl/Ggl058.jpg,KAW_725,Kawahara,3,44,external,stage2,densenet121,densenet121_proc_subsample,1,0,1,False,0.004492386,0.009057701,0.6927386,0.6836809,0.5142918,0.52977;0.51653;0.62028;0.57422;0.42435;0.46363;0.55836;0.44728;0.50078;0.64052;0.61300;0.59031;0.43362;0.41537;0.50887;0.37319;0.55459;0.53154;0.54344;0.50117;0.52978;0.50524;0.50343;0.47183;0.57105;0.49651;0.38076;0.51631;0.50845;0.60457,0.5142918
D:\REGAN-Projek\THESIS\Dataset\Kawahara\release\images\Fll\Fll097.jpg,Fll/Fll097.jpg,KAW_726,Kawahara,3,44,external,stage2,densenet121,densenet121_proc_subsample,1,0,1,False,0.00072189677,0.001701355,0.6156025,0.61390114,0.6943174,0.67491;0.67255;0.66072;0.72681;0.69730;0.70690;0.68690;0.69658;0.74111;0.64512;0.69554;0.71103;0.68626;0.68511;0.65765;0.64579;0.69171;0.71919;0.70558;0.68458;0.73848;0.71203;0.74205;0.72125;0.64579;0.71183;0.71642;0.68815;0.68183;0.68035,0.6943174
D:\REGAN-Projek\THESIS\Dataset\Kawahara\release\images\Fgl\Fgl082.jpg,Fgl/Fgl082.jpg,KAW_727,Kawahara,3,44,external,stage2,densenet121,densenet121_proc_subsample,1,0,1,False,0.003454493,0.006968856,0.69314635,0.6861775,0.5006303,0.49027;0.49378;0.50224;0.43051;0.49488;0.53616;0.48336;0.41152;0.52181;0.65941;0.57356;0.57398;0.45148;0.45520;0.54616;0.54858;0.46445;0.51249;0.54544;0.47778;0.51612;0.48365;0.60036;0.53098;0.46044;0.44496;0.49021;0.52044;0.36252;0.43620,0.5006303
D:\REGAN-Projek\THESIS\Dataset\Kawahara\release\images\Fgl\Fgl083.jpg,Fgl/Fgl083.jpg,KAW_728,Kawahara,3,44,external,stage2,densenet121,densenet121_proc_subsample,1,0,1,False,0.0029324628,0.007674873,0.5607461,0.5530712,0.7514414,0.79582;0.71503;0.73240;0.63929;0.71013;0.77458;0.76856;0.83073;0.80882;0.73039;0.77781;0.77781;0.78826;0.77949;0.69399;0.76242;0.75779;0.74540;0.62091;0.74632;0.80333;0.82162;0.75128;0.76366;0.76925;0.71093;0.84338;0.62177;0.75779;0.74428,0.7514414
D:\REGAN-Projek\THESIS\Dataset\Kawahara\release\images\Fhl\Fhl046.jpg,Fhl/Fhl046.jpg,KAW_729,Kawahara,3,44,external,stage2,densenet121,densenet121_proc_subsample,1,0,1,False,0.0017779459,0.006001234,0.46826893,0.4622677,0.82205117,0.80394;0.76995;0.84632;0.83183;0.84809;0.86397;0.83575;0.76769;0.82319;0.70233;0.85585;0.86749;0.85741;0.82333;0.74428;0.83749;0.81975;0.86305;0.78432;0.79850;0.84026;0.81975;0.84170;0.81464;0.91383;0.81874;0.87472;0.80563;0.82076;0.76699,0.82205117
D:\REGAN-Projek\THESIS\Dataset\Kawahara\release\images\Fll\Fll108.jpg,Fll/Fll108.jpg,KAW_730,Kawahara,3,44,external,stage2,densenet121,densenet121_proc_subsample,1,0,1,False,0.0004322824,0.0011720061,0.55888754,0.55771554,0.7531145,0.76734;0.73848;0.71023;0.73297;0.80594;0.73469;0.77814;0.77662;0.78498;0.72262;0.77133;0.76647;0.74447;0.73221;0.78349;0.75219;0.75329;0.74890;0.76908;0.75147;0.74503;0.75672;0.75905;0.75958;0.75256;0.72380;0.73867;0.75473;0.74964;0.72875,0.7531145
D:\REGAN-Projek\THESIS\Dataset\Kawahara\release\images\Fil\Fil006.jpg,Fil/Fil006.jpg,KAW_731,Kawahara,3,44,external,stage2,densenet121,densenet121_proc_subsample,1,0,1,False,0.0012225609,0.0050706565,0.4071802,0.40210953,0.85877544,0.15508;0.12023;0.12263;0.08540;0.15714;0.13432;0.17037;0.10375;0.13478;0.13218;0.18083;0.11656;0.10521;0.17231;0.12326;0.20882;0.13229;0.20931;0.08404;0.18728;0.13421;0.18952;0.16954;0.16265;0.15740;0.16318;0.10195;0.13478;0.09603;0.09171,0.14122455
D:\REGAN-Projek\THESIS\Dataset\Kawahara\release\images\Fll\Fll116.jpg,Fll/Fll116.jpg,KAW_732,Kawahara,3,44,external,stage2,densenet121,densenet121_proc_subsample,1,0,1,False,0.0010927117,0.003752917,0.45794067,0.45418775,0.82870054,0.15533;0.15688;0.12252;0.15843;0.15623;0.14475;0.18286;0.17511;0.16092;0.10876;0.26933;0.17148;0.21984;0.13730;0.18199;0.16654;0.14355;0.21469;0.20498;0.19315;0.13535;0.16872;0.16172;0.15431;0.17301;0.19946;0.14439;0.23144;0.18580;0.16013,0.17129943
D:\REGAN-Projek\THESIS\Dataset\Kawahara\release\images\Fll\Fll118.jpg,Fll/Fll118.jpg,KAW_733,Kawahara,3,44,external,stage2,densenet121,densenet121_proc_subsample,1,0,1,False,0.0015113495,0.0030289888,0.693128,0.690099,0.5030961,0.53473;0.47838;0.51970;0.56019;0.42423;0.49976;0.44225;0.49474;0.48893;0.47620;0.54208;0.51579;0.45883;0.50552;0.53813;0.50608;0.45617;0.46700;0.48680;0.47163;0.46709;0.48034;0.56482;0.48784;0.52240;0.54671;0.53337;0.56079;0.43800;0.43860,0.49690393
D:\REGAN-Projek\THESIS\Dataset\Kawahara\release\images\Fil\Fil032.jpg,Fil/Fil032.jpg,KAW_734,Kawahara,3,44,external,stage2,densenet121,densenet121_proc_subsample,1,0,1,False,0.00095199863,0.0038011074,0.41361922,0.4098181,0.8551791,0.14259;0.15457;0.10521;0.15241;0.12689;0.12210;0.12003;0.11163;0.11143;0.16776;0.13489;0.13084;0.15896;0.16079;0.13029;0.09025;0.20024;0.12231;0.18025;0.21486;0.11920;0.15546;0.20834;0.15753;0.11961;0.17441;0.15317;0.16291;0.15533;0.10035,0.1448209
D:\REGAN-Projek\THESIS\Dataset\Kawahara\release\images\Fll\Fll132.jpg,Fll/Fll132.jpg,KAW_735,Kawahara,3,44,external,stage2,densenet121,densenet121_proc_subsample,1,0,1,False,0.0028569128,0.007839322,0.5462143,0.53837496,0.76417947,0.19915;0.28517;0.18433;0.30570;0.30882;0.20641;0.19345;0.21984;0.15804;0.19652;0.24744;0.20118;0.17967;0.23266;0.16681;0.34213;0.25609;0.19269;0.22764;0.16278;0.22440;0.30965;0.30167;0.17106;0.24328;0.23144;0.22118;0.28418;0.34522;0.27601,0.23582052
D:\REGAN-Projek\THESIS\Dataset\Kawahara\release\images\New\newl014.jpg,New/newl014.jpg,KAW_736,Kawahara,3,44,external,stage2,densenet121,densenet121_proc_subsample,1,0,1,False,0.00025012463,0.0026956648,0.18539892,0.18270326,0.9543839,0.97156;0.97058;0.95362;0.96211;0.96868;0.96880;0.92150;0.95799;0.96452;0.96044;0.95923;0.94550;0.96996;0.95507;0.92276;0.96660;0.95623;0.94101;0.95328;0.94057;0.96351;0.93869;0.96628;0.95999;0.97879;0.91352;0.95540;0.93058;0.95439;0.96036,0.9543839
D:\REGAN-Projek\THESIS\Dataset\Kawahara\release\images\New\newl032.jpg,New/newl032.jpg,KAW_737,Kawahara,3,44,external,stage2,densenet121,densenet121_proc_subsample,1,0,1,False,0.0017467708,0.003695488,0.66625893,0.66256344,0.615426,0.42692;0.37582;0.39117;0.40563;0.31132;0.32735;0.34257;0.31374;0.37766;0.44948;0.35477;0.40598;0.40934;0.38624;0.46627;0.43698;0.41212;0.38804;0.35042;0.37193;0.32114;0.35701;0.38804;0.38260;0.43668;0.36274;0.38214;0.39566;0.34038;0.46709,0.384574
D:\REGAN-Projek\THESIS\Dataset\Kawahara\release\images\New\newl043.jpg,New/newl043.jpg,KAW_738,Kawahara,3,44,external,stage2,densenet121,densenet121_proc_subsample,1,0,1,False,0.00059694325,0.0021615028,0.4511026,0.4489411,0.83299667,0.84822;0.80882;0.86084;0.82685;0.83319;0.82076;0.84390;0.82977;0.82755;0.83815;0.86397;0.89105;0.82090;0.80410;0.78711;0.82361;0.84402;0.87386;0.85907;0.83387;0.83921;0.82262;0.82671;0.82825;0.85379;0.85416;0.77628;0.82797;0.79279;0.82852,0.83299667
D:\REGAN-Projek\THESIS\Dataset\Kawahara\release\images\New\newl047.jpg,New/newl047.jpg,KAW_739,Kawahara,3,44,external,stage2,densenet121,densenet121_proc_subsample,1,0,1,False,0.0025403162,0.0051053762,0.6931009,0.68799555,0.5048069,0.52503;0.49931;0.56374;0.50999;0.49170;0.42925;0.48539;0.42913;0.48706;0.54671;0.50397;0.54501;0.46545;0.54498;0.50168;0.47568;0.51341;0.38879;0.61074;0.52706;0.53340;0.54017;0.52056;0.51354;0.40739;0.57117;0.51469;0.41662;0.52543;0.55715,0.5048069
D:\REGAN-Projek\THESIS\Dataset\Kawahara\release\images\New\newl049.jpg,New/newl049.jpg,KAW_740,Kawahara,3,44,external,stage2,densenet121,densenet121_proc_subsample,1,0,1,False,0.00030731197,0.0030548424,0.19474459,0.19168974,0.95127475,0.96844;0.89087;0.95573;0.95379;0.96392;0.95448;0.94376;0.96204;0.94650;0.94748;0.95078;0.94024;0.93109;0.93767;0.92332;0.97058;0.97030;0.95915;0.94520;0.97091;0.97293;0.96066;0.92736;0.94057;0.95590;0.94144;0.96080;0.96909;0.97085;0.95240,0.95127475
D:\REGAN-Projek\THESIS\Dataset\Kawahara\release\images\New\newl051.jpg,New/newl051.jpg,KAW_741,Kawahara,3,44,external,stage2,densenet121,densenet121_proc_subsample,1,0,1,False,0.0036145956,0.007450819,0.67721844,0.6697676,0.58900553,0.65091;0.52745;0.66028;0.67039;0.58202;0.62898;0.54680;0.60469;0.57338;0.58913;0.62829;0.66812;0.56076;0.63771;0.60621;0.50446;0.59637;0.64657;0.59078;0.66116;0.66682;0.54955;0.46914;0.60177;0.46909;0.59043;0.58000;0.52793;0.62160;0.45938,0.58900553
D:\REGAN-Projek\THESIS\Dataset\Kawahara\release\images\New\newl059.jpg,New/newl059.jpg,KAW_742,Kawahara,3,44,external,stage2,densenet121,densenet121_proc_subsample,1,0,1,False,0.0008409916,0.0022607446,0.5527474,0.5504867,0.7585484,0.28160;0.20197;0.24077;0.23231;0.26303;0.24545;0.24454;0.26798;0.20786;0.23546;0.23266;0.23248;0.25646;0.23318;0.29982;0.22101;0.25720;0.19822;0.24527;0.21240;0.22474;0.22798;0.23528;0.21305;0.24292;0.22406;0.32189;0.26284;0.19683;0.28428,0.2414516
D:\REGAN-Projek\THESIS\Dataset\Kawahara\release\images\NAL\Nal002.jpg,NAL/Nal002.jpg,KAW_743,Kawahara,3,44,external,stage2,densenet121,densenet121_proc_subsample,1,1,2,True,2.453081e-05,0.0009372756,0.06548943,0.06455216,0.98788935,0.99307;0.99155;0.99304;0.99003;0.98935;0.98983;0.99022;0.99371;0.98510;0.99101;0.99122;0.98771;0.99119;0.98262;0.98309;0.99152;0.97754;0.98001;0.98510;0.98615;0.99315;0.98615;0.99336;0.97262;0.99191;0.98662;0.98422;0.99062;0.98620;0.98876,0.98788935
D:\REGAN-Projek\THESIS\Dataset\Kawahara\release\images\NAL\Nal008.jpg,NAL/Nal008.jpg,KAW_744,Kawahara,3,44,external,stage2,densenet121,densenet121_proc_subsample,1,1,2,True,2.6009273e-05,0.0010007843,0.067950115,0.06694933,0.98732734,0.98620;0.99366;0.98397;0.97511;0.98475;0.98604;0.99178;0.98790;0.98728;0.99203;0.98561;0.98752;0.98818;0.99509;0.98667;0.97676;0.98662;0.98955;0.98440;0.99254;0.99440;0.98876;0.99304;0.97492;0.99203;0.98858;0.98752;0.99168;0.98282;0.98440,0.98732734
D:\REGAN-Projek\THESIS\Dataset\Kawahara\release\images\NBL\Nbl059.jpg,NBL/Nbl059.jpg,KAW_745,Kawahara,3,44,external,stage2,densenet121,densenet121_proc_subsample,1,1,2,True,1.7751945e-05,0.0010012686,0.043664567,0.0426633,0.99260294,0.99459;0.98871;0.99653;0.99175;0.99388;0.98527;0.99288;0.99625;0.99285;0.99162;0.99455;0.99429;0.99762;0.99449;0.99623;0.99423;0.99304;0.98808;0.99595;0.99618;0.99544;0.99221;0.99681;0.98926;0.99112;0.99194;0.99346;0.97604;0.99404;0.98876,0.99260294
D:\REGAN-Projek\THESIS\Dataset\Kawahara\release\images\NBL\Nbl060.jpg,NBL/Nbl060.jpg,KAW_746,Kawahara,3,44,external,stage2,densenet121,densenet121_proc_subsample,1,1,2,True,0.0009380981,0.006153792,0.28169712,0.27554333,0.91879725,0.90105;0.92262;0.91641;0.86189;0.93109;0.94469;0.88972;0.95059;0.88404;0.87115;0.94324;0.86916;0.86247;0.94787;0.90780;0.91102;0.95565;0.95345;0.93858;0.93121;0.94489;0.86613;0.96295;0.92867;0.91848;0.90515;0.94314;0.93902;0.90780;0.95397,0.91879725
D:\REGAN-Projek\THESIS\Dataset\Kawahara\release\images\NBL\Nbl063.jpg,NBL/Nbl063.jpg,KAW_747,Kawahara,3,44,external,stage2,densenet121,densenet121_proc_subsample,1,1,2,True,0.0010246736,0.0052646697,0.3544051,0.34914044,0.88619125,0.88876;0.89930;0.85943;0.90926;0.83775;0.85573;0.93184;0.85306;0.88740;0.94499;0.84847;0.89534;0.84897;0.92684;0.86095;0.93046;0.87779;0.87493;0.84209;0.83802;0.89368;0.90175;0.86737;0.93902;0.90346;0.85464;0.91259;0.91259;0.92220;0.86704,0.88619125
D:\REGAN-Projek\THESIS\Dataset\Kawahara\release\images\NBL\Nbl065.jpg,NBL/Nbl065.jpg,KAW_748,Kawahara,3,44,external,stage2,densenet121,densenet121_proc_subsample,1,1,2,True,0.0005232897,0.0036003888,0.2588098,0.25520942,0.92798907,0.91290;0.94787;0.94024;0.88141;0.93391;0.93778;0.94748;0.94448;0.89479;0.94335;0.86805;0.91102;0.93914;0.93991;0.91863;0.93991;0.93033;0.96246;0.93801;0.93258;0.87049;0.93958;0.93947;0.94101;0.93171;0.94251;0.95204;0.91935;0.91007;0.92918,0.92798907
D:\REGAN-Projek\THESIS\Dataset\Kawahara\release\images\NGL\Ngl004.jpg,NGL/Ngl004.jpg,KAW_749,Kawahara,3,44,external,stage2,densenet121,densenet121_proc_subsample,1,1,2,True,0.0020125664,0.0056634545,0.5455511,0.53988767,0.76474273,0.80364;0.78033;0.74205;0.66856;0.75833;0.73526;0.82727;0.80271;0.77798;0.70396;0.81567;0.70477;0.79693;0.86002;0.71253;0.75274;0.74092;0.80807;0.77949;0.69966;0.83682;0.72652;0.73716;0.72194;0.74945;0.76524;0.81316;0.76172;0.79327;0.76612,0.76474273
D:\REGAN-Projek\THESIS\Dataset\Kawahara\release\images\NGL\NGL025.JPG,NGL/NGL025.JPG,KAW_750,Kawahara,3,44,external,stage2,densenet121,densenet121_proc_subsample,1,1,2,True,0.00013085203,0.0020200908,0.14420125,0.14218116,0.9672423,0.97389;0.94901;0.96211;0.97759;0.97640;0.97369;0.96419;0.95371;0.94397;0.97482;0.97733;0.95877;0.97463;0.95023;0.96466;0.97329;0.94282;0.96044;0.97241;0.97581;0.97384;0.97429;0.96666;0.95854;0.96856;0.97458;0.98469;0.95301;0.98652;0.97680,0.9672423
D:\REGAN-Projek\THESIS\Dataset\Kawahara\release\images\NGL\Ngl041.jpg,NGL/Ngl041.jpg,KAW_751,Kawahara,3,44,external,stage2,densenet121,densenet121_proc_subsample,1,1,2,True,0.000495918,0.0035874546,0.25483802,0.25125057,0.9295358,0.92079;0.95815;0.92304;0.92684;0.94748;0.92867;0.91641;0.92590;0.95266;0.91007;0.91701;0.93159;0.89312;0.93812;0.93511;0.96058;0.96225;0.88603;0.94920;0.93319;0.95032;0.94397;0.94976;0.92710;0.93331;0.93812;0.93021;0.86131;0.90175;0.93404,0.9295358
D:\REGAN-Projek\THESIS\Dataset\Kawahara\release\images\NGL\Ngl066.jpg,NGL/Ngl066.jpg,KAW_752,Kawahara,3,44,external,stage2,densenet121,densenet121_proc_subsample,1,1,2,True,0.00030324317,0.0026899576,0.2175265,0.21483654,0.9433934,0.94679;0.92893;0.93184;0.96446;0.95168;0.94767;0.95354;0.94530;0.96139;0.89219;0.94854;0.90499;0.94580;0.95096;0.92442;0.93767;0.95013;0.91352;0.93451;0.94282;0.93958;0.95720;0.94958;0.96392;0.93511;0.95275;0.97063;0.94610;0.96814;0.94165,0.9433934
D:\REGAN-Projek\THESIS\Dataset\Kawahara\release\images\NGL\Ngl088.jpg,NGL/Ngl088.jpg,KAW_753,Kawahara,3,44,external,stage2,densenet121,densenet121_proc_subsample,1,1,2,True,0.0032022898,0.00663656,0.6814648,0.67482823,0.57627857,0.59090;0.55763;0.52669;0.53555;0.69823;0.60031;0.61364;0.54562;0.51483;0.56949;0.53030;0.71013;0.55335;0.58451;0.56124;0.61005;0.52754;0.60981;0.61872;0.57332;0.47034;0.48457;0.63545;0.60877;0.60387;0.66704;0.58599;0.48377;0.55845;0.55824,0.57627857
D:\REGAN-Projek\THESIS\Dataset\Kawahara\release\images\NIL\Nil064.jpg,NIL/Nil064.jpg,KAW_754,Kawahara,3,44,external,stage2,densenet121,densenet121_proc_subsample,1,1,2,True,0.005102408,0.010283709,0.69285095,0.68256724,0.5121697,0.43380;0.41158;0.45583;0.47337;0.52503;0.44264;0.41117;0.54734;0.40568;0.40427;0.40510;0.50792;0.36060;0.55661;0.64052;0.42346;0.52072;0.60060;0.48333;0.48066;0.54059;0.52514;0.50508;0.42662;0.48754;0.40816;0.49491;0.62097;0.53704;0.59861,0.48783028
D:\REGAN-Projek\THESIS\Dataset\Kawahara\release\images\NIL\Nil068.jpg,NIL/Nil068.jpg,KAW_755,Kawahara,3,44,external,stage2,densenet121,densenet121_proc_subsample,1,1,2,True,2.0452331e-05,0.0013567321,0.041990902,0.04063417,0.9929429,0.99188;0.97859;0.99743;0.99245;0.99766;0.99541;0.99587;0.99059;0.98914;0.99524;0.99787;0.98683;0.99590;0.99698;0.98884;0.99723;0.99720;0.99850;0.98781;0.99557;0.99224;0.98742;0.99351;0.99694;0.99457;0.98951;0.99105;0.99462;0.98615;0.99530,0.9929429
D:\REGAN-Projek\THESIS\Dataset\Kawahara\release\images\NIL\Nil082.jpg,NIL/Nil082.jpg,KAW_756,Kawahara,3,44,external,stage2,densenet121,densenet121_proc_subsample,1,1,2,True,0.00018268851,0.0033374652,0.115371756,0.11203429,0.97541803,0.98884;0.98174;0.98334;0.98610;0.97771;0.98733;0.98636;0.96790;0.98771;0.98184;0.95414;0.97763;0.93307;0.97096;0.97262;0.97608;0.97419;0.97998;0.99139;0.97838;0.97539;0.97074;0.97024;0.97955;0.95532;0.97859;0.94155;0.99263;0.97707;0.98415,0.97541803
D:\REGAN-Projek\THESIS\Dataset\Kawahara\release\images\NIL\Nil090.jpg,NIL/Nil090.jpg,KAW_757,Kawahara,3,44,external,stage2,densenet121,densenet121_proc_subsample,1,1,2,True,1.8837103e-05,0.0010793991,0.04713185,0.046052452,0.99188834,0.99580;0.99656;0.99502;0.99323;0.99393;0.99440;0.99236;0.99618;0.98757;0.99280;0.99108;0.98604;0.99230;0.99779;0.99569;0.99037;0.99409;0.99558;0.99425;0.98521;0.99560;0.98987;0.99070;0.98979;0.98615;0.97875;0.98428;0.99612;0.99442;0.99073,0.99188834
D:\REGAN-Projek\THESIS\Dataset\Kawahara\release\images\NIL\Nil093.jpg,NIL/Nil093.jpg,KAW_758,Kawahara,3,44,external,stage2,densenet121,densenet121_proc_subsample,1,1,2,True,0.0005637659,0.0026229024,0.3714568,0.3688339,0.87771314,0.84746;0.90070;0.88798;0.87758;0.89770;0.86454;0.89805;0.86397;0.90878;0.87418;0.88543;0.87956;0.85330;0.86971;0.82432;0.87147;0.89387;0.87158;0.84091;0.90295;0.90346;0.92684;0.85978;0.83169;0.90448;0.85824;0.87440;0.90157;0.87082;0.88603,0.87771314
D:\REGAN-Projek\THESIS\Dataset\Kawahara\release\images\NLL\nll014.jpg,NLL/nll014.jpg,KAW_759,Kawahara,3,44,external,stage2,densenet121,densenet121_proc_subsample,1,1,2,True,0.00054587325,0.003581345,0.28437155,0.2807902,0.9176915,0.95213;0.94187;0.94499;0.90780;0.94057;0.87375;0.92262;0.92036;0.92414;0.93511;0.93593;0.90665;0.89930;0.89312;0.86247;0.95141;0.92536;0.91070;0.89405;0.89823;0.91197;0.90000;0.94101;0.92192;0.90123;0.94670;0.92220;0.88028;0.91775;0.94709,0.9176915
D:\REGAN-Projek\THESIS\Dataset\Kawahara\release\images\NML\Nml024.jpg,NML/Nml024.jpg,KAW_760,Kawahara,3,44,external,stage2,densenet121,densenet121_proc_subsample,1,1,2,True,0.00010097472,0.0016475171,0.14168358,0.14003606,0.9679834,0.97667;0.97030;0.97604;0.97986;0.95515;0.97473;0.98334;0.96288;0.97404;0.97892;0.95783;0.96459;0.95976;0.97124;0.96330;0.97102;0.98289;0.94986;0.96616;0.98328;0.97767;0.95222;0.95775;0.97805;0.95999;0.97146;0.96654;0.95041;0.96850;0.95507,0.9679834
D:\REGAN-Projek\THESIS\Dataset\Kawahara\release\images\NML\Nml073.jpg,NML/Nml073.jpg,KAW_761,Kawahara,3,44,external,stage2,densenet121,densenet121_proc_subsample,1,1,2,True,6.460562e-05,0.0014202595,0.108861096,0.10744084,0.97716904,0.98372;0.97667;0.97567;0.97434;0.98693;0.96868;0.98236;0.96168;0.98626;0.97645;0.98269;0.97394;0.98102;0.98458;0.98733;0.97273;0.98440;0.96909;0.98544;0.95736;0.96956;0.98163;0.97548;0.96796;0.98939;0.98163;0.96564;0.98499;0.97501;0.97247,0.97716904
D:\REGAN-Projek\THESIS\Dataset\Kawahara\release\images\A1l\Aal002.jpg,A1l/Aal002.jpg,KAW_762,Kawahara,3,44,external,stage2,densenet121,densenet121_proc_subsample,1,1,2,True,0.00036786584,0.003479436,0.18787584,0.1843964,0.95356685,0.96466;0.95815;0.96330;0.97001;0.95655;0.95915;0.95379;0.95168;0.96274;0.96189;0.87997;0.95877;0.91368;0.96850;0.97069;0.95807;0.95275;0.95712;0.95405;0.94133;0.93307;0.96288;0.93258;0.97349;0.97257;0.96211;0.96302;0.92867;0.96146;0.96029,0.95356685
D:\REGAN-Projek\THESIS\Dataset\Kawahara\release\images\A1l\Aal002bis.jpg,A1l/Aal002bis.jpg,KAW_763,Kawahara,3,44,external,stage2,densenet121,densenet121_proc_subsample,1,1,2,True,0.0009967176,0.003921956,0.42376745,0.4198455,0.849389,0.79550;0.86339;0.82671;0.85621;0.87884;0.80502;0.87727;0.80973;0.83589;0.85501;0.83495;0.88701;0.84708;0.83947;0.84402;0.80441;0.81494;0.87915;0.87674;0.89219;0.90797;0.88895;0.79677;0.86305;0.86013;0.88080;0.82190;0.83602;0.81655;0.88603,0.849389
D:\REGAN-Projek\THESIS\Dataset\Kawahara\release\images\Ael\Ael494.jpg,Ael/Ael494.jpg,KAW_764,Kawahara,3,44,external,stage2,densenet121,densenet121_proc_subsample,1,1,2,True,0.002148271,0.006156683,0.52473783,0.51858115,0.7817079,0.22867;0.23828;0.27963;0.13421;0.18952;0.15128;0.28269;0.19224;0.19012;0.27455;0.23793;0.19775;0.22576;0.16145;0.23441;0.20087;0.16265;0.36455;0.20915;0.17231;0.23353;0.19652;0.21469;0.18040;0.21436;0.25926;0.22457;0.27367;0.22954;0.19421,0.21829215
D:\REGAN-Projek\THESIS\Dataset\Kawahara\release\images\Gzl\gzl12.jpg,Gzl/gzl12.jpg,KAW_765,Kawahara,3,44,external,stage2,densenet121,densenet121_proc_subsample,1,1,2,True,5.4974334e-05,0.0020065233,0.06208122,0.0600747,0.98865795,0.98572;0.99315;0.98538;0.98610;0.99447;0.99105;0.99381;0.99508;0.99094;0.98818;0.99582;0.99080;0.99341;0.98379;0.98282;0.99496;0.99333;0.96564;0.98987;0.99149;0.97590;0.99580;0.99172;0.98742;0.99277;0.98827;0.99429;0.98813;0.96710;0.99254,0.98865795
D:\REGAN-Projek\THESIS\Dataset\Kawahara\release\images\Gzl\gzl26.jpg,Gzl/gzl26.jpg,KAW_766,Kawahara,3,44,external,stage2,densenet121,densenet121_proc_subsample,1,1,2,True,4.7478847e-05,0.0015630573,0.07287642,0.07131337,0.98618466,0.99326;0.97567;0.97814;0.98642;0.99388;0.99098;0.99212;0.98983;0.97838;0.98620;0.98295;0.99230;0.98897;0.98021;0.99464;0.98170;0.99268;0.98282;0.98723;0.99084;0.96146;0.98742;0.98276;0.98321;0.99293;0.98415;0.98588;0.98504;0.99282;0.99062,0.98618466
D:\REGAN-Projek\THESIS\Dataset\Kawahara\release\images\Gal\Gal220.jpg,Gal/Gal220.jpg,KAW_767,Kawahara,3,44,external,stage2,densenet121,densenet121_proc_subsample,1,1,2,True,0.002171906,0.0054298043,0.58336115,0.57793134,0.72989714,0.69740;0.78216;0.78333;0.76260;0.76401;0.76225;0.69709;0.74017;0.78760;0.75779;0.71859;0.72923;0.71403;0.73961;0.79976;0.73336;0.63103;0.71612;0.73942;0.61382;0.71163;0.73980;0.63996;0.66595;0.71652;0.74428;0.70110;0.81033;0.75256;0.74540,0.72989714
D:\REGAN-Projek\THESIS\Dataset\Kawahara\release\images\Gal\Gal262.jpg,Gal/Gal262.jpg,KAW_768,Kawahara,3,44,external,stage2,densenet121,densenet121_proc_subsample,1,1,2,True,0.0044904747,0.010829866,0.6000122,0.5891823,0.71237415,0.76559;0.71013;0.61144;0.64434;0.59808;0.76083;0.77424;0.63680;0.78875;0.77356;0.71473;0.72037;0.72662;0.79566;0.72409;0.70952;0.76436;0.71183;0.60393;0.84183;0.68035;0.70781;0.73336;0.69812;0.69905;0.77560;0.66780;0.75546;0.74651;0.53048,0.71237415
D:\REGAN-Projek\THESIS\Dataset\Kawahara\release\images\Gal\Gal209.jpg,Gal/Gal209.jpg,KAW_769,Kawahara,3,44,external,stage2,densenet121,densenet121_proc_subsample,1,1,2,True,0.004806847,0.009740949,0.6919083,0.68216735,0.52488357,0.36932;0.30229;0.46281;0.51385;0.48847;0.46770;0.47180;0.43260;0.56302;0.39759;0.44610;0.41911;0.43972;0.51435;0.50255;0.43698;0.52598;0.56512;0.40999;0.63658;0.55136;0.46484;0.45659;0.46496;0.45938;0.53303;0.57165;0.55782;0.38139;0.44656,0.47511643
D:\REGAN-Projek\THESIS\Dataset\Kawahara\release\images\FAL\FAL006.JPG,FAL/FAL006.JPG,KAW_770,Kawahara,3,44,external,stage2,densenet121,densenet121_proc_subsample,1,1,2,True,0.0023921009,0.004804969,0.69290936,0.6881044,0.5109056,0.57892;0.46782;0.46320;0.46821;0.49556;0.38734;0.54189;0.56149;0.48849;0.46414;0.52771;0.42304;0.51426;0.55980;0.56943;0.46168;0.54380;0.41721;0.48814;0.46733;0.42096;0.50415;0.46757;0.46235;0.48947;0.49839;0.51580;0.47801;0.53771;0.40893,0.48909435
D:\REGAN-Projek\THESIS\Dataset\Kawahara\release\images\FAL\FAL094.JPG,FAL/FAL094.JPG,KAW_771,Kawahara,3,44,external,stage2,densenet121,densenet121_proc_subsample,1,1,2,True,2.2271788e-05,0.0012066104,0.049663257,0.048456647,0.9913581,0.99271;0.99271;0.97830;0.99312;0.98080;0.99778;0.99544;0.99312;0.98991;0.99115;0.99181;0.99565;0.99722;0.99462;0.98723;0.99059;0.98862;0.99356;0.99511;0.98493;0.99442;0.98678;0.98409;0.99168;0.99315;0.99553;0.99230;0.98667;0.99605;0.99565,0.9913581
D:\REGAN-Projek\THESIS\Dataset\Kawahara\release\images\FBL\FBL020.JPG,FBL/FBL020.JPG,KAW_772,Kawahara,3,44,external,stage2,densenet121,densenet121_proc_subsample,1,1,2,True,0.00022674743,0.0021412075,0.20477793,0.20263672,0.94785684,0.95696;0.94438;0.94699;0.96044;0.95078;0.95431;0.94986;0.94620;0.90123;0.94376;0.92563;0.96102;0.94240;0.96139;0.94670;0.93463;0.95991;0.95041;0.93991;0.96161;0.96080;0.94540;0.96796;0.93824;0.94570;0.91102;0.97183;0.94112;0.95760;0.95752,0.94785684
D:\REGAN-Projek\THESIS\Dataset\Kawahara\release\images\FCL\FCL056.JPG,FCL/FCL056.JPG,KAW_773,Kawahara,3,44,external,stage2,densenet121,densenet121_proc_subsample,1,1,2,True,0.0024016437,0.006425321,0.5637582,0.5573329,0.74870056,0.77424;0.83815;0.68120;0.72681;0.72759;0.71701;0.81123;0.73773;0.69306;0.77012;0.70972;0.65401;0.67298;0.76734;0.72487;0.79166;0.81331;0.74890;0.66985;0.77081;0.79375;0.82104;0.71731;0.78150;0.71612;0.74669;0.70345;0.79423;0.77081;0.81553,0.74870056
D:\REGAN-Projek\THESIS\Dataset\Kawahara\release\images\Fll\Fll047.jpg,Fll/Fll047.jpg,KAW_774,Kawahara,3,44,external,stage2,densenet121,densenet121_proc_subsample,1,1,2,True,0.00040514162,0.0045274645,0.18531264,0.18078518,0.9544123,0.94397;0.95284;0.96961;0.95672;0.97627;0.92455;0.96006;0.98771;0.95336;0.90894;0.97113;0.91352;0.93367;0.97252;0.94479;0.96364;0.97215;0.94976;0.92093;0.97262;0.94335;0.95023;0.97091;0.96909;0.96961;0.92604;0.96909;0.97539;0.96571;0.94418,0.9544123
D:\REGAN-Projek\THESIS\Dataset\Kawahara\release\images\FCL\FCL084.JPG,FCL/FCL084.JPG,KAW_775,Kawahara,3,44,external,stage2,densenet121,densenet121_proc_subsample,1,1,2,True,0.002409255,0.005607724,0.6291864,0.62357867,0.6768969,0.31080;0.31700;0.42334;0.33775;0.29159;0.34312;0.29737;0.36342;0.32370;0.23075;0.36433;0.33535;0.36015;0.33950;0.31521;0.26664;0.26455;0.33372;0.37251;0.38752;0.35847;0.38891;0.31289;0.32327;0.28052;0.32050;0.30136;0.38624;0.21601;0.22661,0.32310307
D:\REGAN-Projek\THESIS\Dataset\Kawahara\release\images\FCL\Fcl092.jpg,FCL/Fcl092.jpg,KAW_776,Kawahara,3,44,external,stage2,densenet121,densenet121_proc_subsample,1,1,2,True,0.0016982891,0.004309833,0.59086347,0.58655363,0.72220004,0.70120;0.82147;0.65820;0.67341;0.71233;0.71642;0.71899;0.70660;0.77983;0.73716;0.74298;0.71721;0.71850;0.78349;0.74074;0.76524;0.67018;0.70497;0.65346;0.66606;0.66595;0.72115;0.72643;0.72720;0.75600;0.68067;0.70952;0.74780;0.79598;0.74688,0.72220004
D:\REGAN-Projek\THESIS\Dataset\Kawahara\release\images\FFL\FFL068.JPG,FFL/FFL068.JPG,KAW_777,Kawahara,3,44,external,stage2,densenet121,densenet121_proc_subsample,1,1,2,True,3.2601878e-05,0.0015957132,0.049214985,0.047619272,0.9914525,0.99098;0.98276;0.99423;0.98790;0.99436;0.99168;0.99215;0.99420;0.99425;0.98544;0.98403;0.99434;0.99860;0.98771;0.99523;0.99010;0.99136;0.99449;0.98884;0.98766;0.99664;0.99577;0.99224;0.99695;0.99724;0.99596;0.96897;0.99425;0.99310;0.99215,0.9914525
D:\REGAN-Projek\THESIS\Dataset\Kawahara\release\images\Fll\Fll069.jpg,Fll/Fll069.jpg,KAW_778,Kawahara,3,44,external,stage2,densenet121,densenet121_proc_subsample,1,1,2,True,0.001991865,0.0050413013,0.58072376,0.57568246,0.7325324,0.72066;0.76489;0.67715;0.77253;0.76908;0.76436;0.70038;0.73999;0.76366;0.74447;0.78988;0.76682;0.70335;0.65268;0.67362;0.76225;0.67190;0.82531;0.71909;0.76172;0.76960;0.62194;0.71721;0.73886;0.75473;0.74111;0.67609;0.70018;0.74651;0.76594,0.7325324
D:\REGAN-Projek\THESIS\Dataset\Kawahara\release\images\Gbl\Gbl014.jpg,Gbl/Gbl014.jpg,KAW_779,Kawahara,3,44,external,stage2,densenet121,densenet121_proc_subsample,1,1,2,True,0.00012319858,0.0021070838,0.13317907,0.13107198,0.9704487,0.98242;0.95976;0.97458;0.96036;0.97658;0.97975;0.98481;0.96073;0.97871;0.97581;0.97487;0.97750;0.94958;0.98845;0.98117;0.97183;0.96996;0.95257;0.96909;0.95639;0.97080;0.97399;0.94560;0.95301;0.96996;0.98127;0.98499;0.96584;0.97636;0.96673,0.9704487
D:\REGAN-Projek\THESIS\Dataset\Kawahara\release\images\Gcl\Gcl058.jpg,Gcl/Gcl058.jpg,KAW_780,Kawahara,3,44,external,stage2,densenet121,densenet121_proc_subsample,1,1,2,True,0.0036028489,0.0091795325,0.5840893,0.57490975,0.7291633,0.67136;0.82033;0.68983;0.70942;0.61872;0.77029;0.76472;0.76260;0.79834;0.60842;0.79327;0.68279;0.69212;0.83454;0.65478;0.70922;0.66225;0.76908;0.79629;0.70497;0.76717;0.76242;0.75851;0.80471;0.67512;0.72302;0.72174;0.68993;0.79787;0.66105,0.7291633
D:\REGAN-Projek\THESIS\Dataset\Kawahara\release\images\Gdl\Gdl012.jpg,Gdl/Gdl012.jpg,KAW_781,Kawahara,3,44,external,stage2,densenet121,densenet121_proc_subsample,1,1,2,True,0.00021274344,0.0028148443,0.15833125,0.1555164,0.9629873,0.97458;0.96961;0.96844;0.94620;0.97278;0.95647;0.96647;0.95791;0.96323;0.94767;0.98276;0.97896;0.95752;0.94133;0.95760;0.95961;0.93058;0.96747;0.96996;0.97562;0.97887;0.97231;0.96218;0.94520;0.96281;0.97604;0.97257;0.98403;0.96820;0.92262,0.9629873
D:\REGAN-Projek\THESIS\Dataset\Kawahara\release\images\Gdl\Gdl023.jpg,Gdl/Gdl023.jpg,KAW_782,Kawahara,3,44,external,stage2,densenet121,densenet121_proc_subsample,1,1,2,True,4.073868e-05,0.0019769557,0.051659107,0.04968215,0.9909351,0.99149;0.98458;0.99530;0.99521;0.98636;0.98636;0.99508;0.98256;0.99149;0.99824;0.99251;0.99671;0.99218;0.98939;0.99105;0.99550;0.99511;0.99224;0.99466;0.99711;0.99224;0.99425;0.99664;0.99274;0.98795;0.97978;0.99763;0.99515;0.97041;0.97814,0.9909351
D:\REGAN-Projek\THESIS\Dataset\Kawahara\release\images\Gdl\Gdl034.jpg,Gdl/Gdl034.jpg,KAW_783,Kawahara,3,44,external,stage2,densenet121,densenet121_proc_subsample,1,1,2,True,0.007169505,0.01454109,0.69269115,0.67815006,0.5150989,0.44828;0.41995;0.37605;0.56608;0.37456;0.40952;0.56830;0.70518;0.65699;0.45372;0.57851;0.45944;0.50770;0.47818;0.50923;0.40981;0.54404;0.37445;0.53270;0.44306;0.48476;0.48383;0.49204;0.54910;0.42799;0.47477;0.53558;0.57207;0.36263;0.34853,0.48490107
D:\REGAN-Projek\THESIS\Dataset\Kawahara\release\images\Gdl\Gdl089.jpg,Gdl/Gdl089.jpg,KAW_784,Kawahara,3,44,external,stage2,densenet121,densenet121_proc_subsample,1,1,2,True,0.0043221177,0.009090364,0.6666262,0.65753585,0.6146422,0.27445;0.33372;0.35087;0.41289;0.33426;0.42453;0.34477;0.40898;0.40415;0.39700;0.34279;0.34687;0.31028;0.31321;0.34743;0.41514;0.48116;0.36353;0.31679;0.34842;0.28547;0.42239;0.48310;0.40210;0.39700;0.46508;0.38537;0.45238;0.40869;0.58788,0.3853578
D:\REGAN-Projek\THESIS\Dataset\Kawahara\release\images\Ggl\Ggl040.jpg,Ggl/Ggl040.jpg,KAW_785,Kawahara,3,44,external,stage2,densenet121,densenet121_proc_subsample,1,1,2,True,2.9915023e-05,0.0018008798,0.04775048,0.0459496,0.9917594,0.98599;0.99680;0.99823;0.99162;0.99378;0.99746;0.98901;0.98747;0.98926;0.99661;0.99820;0.99248;0.98249;0.98610;0.97920;0.99407;0.98249;0.98198;0.99436;0.99534;0.99835;0.98636;0.99333;0.99519;0.99277;0.98897;0.99457;0.99747;0.99710;0.99574,0.9917594
D:\REGAN-Projek\THESIS\Dataset\Kawahara\release\images\Ggl\Ggl054.jpg,Ggl/Ggl054.jpg,KAW_786,Kawahara,3,44,external,stage2,densenet121,densenet121_proc_subsample,1,1,2,True,0.0014087572,0.0050627887,0.42879212,0.42372933,0.84646505,0.83414;0.86374;0.86339;0.84260;0.81093;0.86224;0.72027;0.87674;0.86625;0.78531;0.89752;0.86177;0.85084;0.88837;0.82418;0.77356;0.80822;0.84325;0.87408;0.86270;0.87321;0.84759;0.88223;0.85765;0.88404;0.84683;0.86025;0.87811;0.84454;0.80943,0.84646505
D:\REGAN-Projek\THESIS\Dataset\Kawahara\release\images\Fgl\Fgl006.jpg,Fgl/Fgl006.jpg,KAW_787,Kawahara,3,44,external,stage2,densenet121,densenet121_proc_subsample,1,1,2,True,0.0014254544,0.0053914487,0.43136138,0.42596993,0.8449549,0.86037;0.79438;0.84183;0.87863;0.88263;0.86328;0.89105;0.86305;0.80792;0.80038;0.83427;0.89181;0.89238;0.80913;0.75636;0.87873;0.87611;0.83360;0.87408;0.82517;0.82741;0.86522;0.85367;0.90846;0.84922;0.87758;0.83004;0.78432;0.80178;0.79582,0.8449549
D:\REGAN-Projek\THESIS\Dataset\Kawahara\release\images\Fgl\Fgl061.jpg,Fgl/Fgl061.jpg,KAW_788,Kawahara,3,44,external,stage2,densenet121,densenet121_proc_subsample,1,1,2,True,0.00010455633,0.0018728599,0.12509236,0.1232195,0.97273785,0.96182;0.97539;0.96419;0.97693;0.97293;0.96850;0.97998;0.96784;0.97685;0.97982;0.94570;0.98415;0.97581;0.97534;0.98347;0.96735;0.98372;0.97443;0.95439;0.95354;0.98295;0.97389;0.96654;0.98555;0.97838;0.98341;0.95712;0.96921;0.98620;0.97671,0.97273785
D:\REGAN-Projek\THESIS\Dataset\Kawahara\release\images\Fil\Fil010.jpg,Fil/Fil010.jpg,KAW_789,Kawahara,3,44,external,stage2,densenet121,densenet121_proc_subsample,1,1,2,True,0.00052125636,0.003278643,0.2934153,0.29013667,0.9139022,0.88779;0.93355;0.92496;0.92192;0.92509;0.90991;0.93767;0.94796;0.92079;0.93245;0.91475;0.89589;0.91596;0.94366;0.89770;0.94929;0.85729;0.92442;0.94719;0.87547;0.90414;0.93546;0.91244;0.89877;0.91581;0.92469;0.88779;0.89294;0.90448;0.87685,0.9139022
D:\REGAN-Projek\THESIS\Dataset\Kawahara\release\images\Fll\Fll126.jpg,Fll/Fll126.jpg,KAW_790,Kawahara,3,44,external,stage2,densenet121,densenet121_proc_subsample,1,1,2,True,0.0024985662,0.00722605,0.5252954,0.5180693,0.7812704,0.74373;0.75797;0.82811;0.79787;0.75383;0.75491;0.76366;0.77150;0.72292;0.67833;0.76594;0.84454;0.82880;0.75092;0.83032;0.85836;0.84222;0.83868;0.79787;0.80913;0.84530;0.79118;0.80425;0.69056;0.71153;0.82176;0.80163;0.78133;0.77424;0.67673,0.7812704
D:\REGAN-Projek\THESIS\Dataset\Kawahara\release\images\Fll\Fll128.jpg,Fll/Fll128.jpg,KAW_791,Kawahara,3,44,external,stage2,densenet121,densenet121_proc_subsample,1,1,2,True,0.00046327323,0.0033926964,0.2692424,0.2658497,0.9238587,0.91118;0.95397;0.91789;0.92550;0.88837;0.90227;0.89894;0.88543;0.90975;0.91212;0.91070;0.91039;0.95204;0.93880;0.94112;0.92828;0.94540;0.93233;0.94995;0.95490;0.96058;0.95557;0.91118;0.92234;0.91134;0.89124;0.93710;0.94144;0.91150;0.90414,0.9238587
D:\REGAN-Projek\THESIS\Dataset\Kawahara\release\images\Fll\Fll130.jpg,Fll/Fll130.jpg,KAW_792,Kawahara,3,44,external,stage2,densenet121,densenet121_proc_subsample,1,1,2,True,0.0009769334,0.0056236982,0.28752586,0.28190216,0.91637874,0.94293;0.94387;0.93947;0.94079;0.91892;0.93109;0.92957;0.93980;0.92867;0.92414;0.94787;0.87716;0.91181;0.90846;0.92359;0.89698;0.85269;0.93008;0.90731;0.88464;0.89368;0.88818;0.93744;0.93221;0.94345;0.94499;0.93570;0.80410;0.93391;0.89787,0.91637874
D:\REGAN-Projek\THESIS\Dataset\Kawahara\release\images\Fll\Fll136.jpg,Fll/Fll136.jpg,KAW_793,Kawahara,3,44,external,stage2,densenet121,densenet121_proc_subsample,1,1,2,True,0.00022523476,0.0029983222,0.14601415,0.14301583,0.96670544,0.96892;0.96398;0.97024;0.98341;0.97826;0.91228;0.97994;0.97671;0.98054;0.96772;0.96938;0.96647;0.94079;0.97118;0.95532;0.95439;0.96564;0.97262;0.97767;0.97562;0.96309;0.97096;0.98222;0.97364;0.93721;0.95422;0.96095;0.97074;0.97843;0.97859,0.96670544
D:\REGAN-Projek\THESIS\Dataset\Kawahara\release\images\New\newl045.jpg,New/newl045.jpg,KAW_794,Kawahara,3,44,external,stage2,densenet121,densenet121_proc_subsample,1,1,2,True,0.0010209563,0.0060285926,0.30125144,0.29522285,0.9105552,0.87946;0.96161;0.91321;0.91055;0.91290;0.95775;0.89877;0.91596;0.81063;0.94335;0.93605;0.93914;0.88681;0.89181;0.95328;0.91007;0.89479;0.91023;0.89787;0.87894;0.86534;0.85244;0.94090;0.90632;0.92931;0.92036;0.93391;0.92332;0.93184;0.90975,0.9105552
D:\REGAN-Projek\THESIS\Dataset\Kawahara\release\images\New\newl055.jpg,New/newl055.jpg,KAW_795,Kawahara,3,44,external,stage2,densenet121,densenet121_proc_subsample,1,1,2,True,0.0013658941,0.00392431,0.5284618,0.5245375,0.77876884,0.78116;0.79582;0.75636;0.81003;0.72086;0.72633;0.74964;0.83004;0.79866;0.81078;0.81464;0.82090;0.78399;0.76839;0.82713;0.75779;0.77441;0.83305;0.80867;0.82133;0.76331;0.76436;0.81123;0.80685;0.75365;0.75183;0.68109;0.73867;0.76154;0.74055,0.77876884
D:\REGAN-Projek\THESIS\Dataset\Kawahara\release\images\NBL\Nbl037.jpg,NBL/Nbl037.jpg,KAW_796,Kawahara,3,44,external,stage2,densenet121,densenet121_proc_subsample,1,1,2,False,6.3584295e-05,0.0020392314,0.080065675,0.07802644,0.9844761,0.99336;0.98604;0.98840;0.98836;0.99271;0.98262;0.98415;0.98321;0.99320;0.99451;0.98077;0.98504;0.99299;0.98733;0.97698;0.99519;0.98939;0.97595;0.97892;0.97334;0.98276;0.97855;0.99376;0.97354;0.98926;0.98353;0.97998;0.97585;0.99407;0.96051,0.9844761
D:\REGAN-Projek\THESIS\Dataset\Kawahara\release\images\NBL\Nbl040.jpg,NBL/Nbl040.jpg,KAW_797,Kawahara,3,44,external,stage2,densenet121,densenet121_proc_subsample,1,1,2,False,0.001495259,0.003604412,0.6045217,0.6009173,0.7073338,0.74558;0.74298;0.70253;0.74186;0.77882;0.64210;0.70079;0.65611;0.70079;0.73431;0.69884;0.71143;0.67222;0.62795;0.72827;0.71333;0.70059;0.66769;0.66661;0.74186;0.76313;0.75183;0.76207;0.72370;0.64958;0.72836;0.70314;0.70690;0.70751;0.64913,0.7073338
D:\REGAN-Projek\THESIS\Dataset\Kawahara\release\images\NBL\Nbl044.jpg,NBL/Nbl044.jpg,KAW_798,Kawahara,3,44,external,stage2,densenet121,densenet121_proc_subsample,1,1,2,False,1.6828517e-05,0.001081571,0.036965717,0.035884146,0.99394363,0.99665;0.99445;0.99366;0.99760;0.99312;0.98781;0.97904;0.99541;0.99488;0.99700;0.99239;0.99447;0.99073;0.99378;0.99650;0.98309;0.99480;0.99502;0.99496;0.99660;0.99119;0.99714;0.99732;0.99366;0.99650;0.99609;0.99455;0.99618;0.99635;0.99739,0.99394363
D:\REGAN-Projek\THESIS\Dataset\Kawahara\release\images\NBL\Nbl048.jpg,NBL/Nbl048.jpg,KAW_799,Kawahara,3,44,external,stage2,densenet121,densenet121_proc_subsample,1,1,2,False,7.3017504e-06,0.00085385516,0.014989725,0.01413587,0.9979091,0.98391;0.99820;0.99884;0.99810;0.99872;0.99876;0.99854;0.99635;0.99863;0.99903;0.99877;0.99864;0.99808;0.99826;0.99972;0.99855;0.99660;0.99896;0.99925;0.99775;0.99829;0.99838;0.99925;0.99835;0.99702;0.99867;0.99943;0.99821;0.99827;0.99775,0.9979091
D:\REGAN-Projek\THESIS\Dataset\Kawahara\release\images\NBL\NBL049.JPG,NBL/NBL049.JPG,KAW_800,Kawahara,3,44,external,stage2,densenet121,densenet121_proc_subsample,1,1,2,False,0.00061693287,0.0037215948,0.3067836,0.303062,0.908156,0.94479;0.92414;0.91611;0.92400;0.90295;0.90157;0.93570;0.85428;0.93221;0.91536;0.90698;0.95275;0.91921;0.88681;0.85585;0.90532;0.91244;0.93208;0.88662;0.92192;0.90175;0.88263;0.87925;0.89219;0.91581;0.91055;0.87386;0.92022;0.95249;0.88484,0.908156
D:\REGAN-Projek\THESIS\Dataset\Kawahara\release\images\NBL\Nbl054.jpg,NBL/Nbl054.jpg,KAW_801,Kawahara,3,44,external,stage2,densenet121,densenet121_proc_subsample,1,1,2,False,0.000266161,0.002686739,0.19907948,0.19639274,0.94980824,0.96844;0.94787;0.96603;0.96014;0.96603;0.95688;0.95823;0.96584;0.95213;0.96364;0.92854;0.94530;0.92206;0.96066;0.92684;0.93046;0.95760;0.92345;0.94958;0.91259;0.96146;0.94709;0.93969;0.97199;0.95623;0.95744;0.92630;0.93980;0.96832;0.96364,0.94980824
D:\REGAN-Projek\THESIS\Dataset\Kawahara\release\images\NBL\Nbl074.jpg,NBL/Nbl074.jpg,KAW_802,Kawahara,3,44,external,stage2,densenet121,densenet121_proc_subsample,1,1,2,False,3.6851642e-07,0.00021414878,0.0049857628,0.004771614,0.9994088,0.99949;0.99941;0.99980;0.99951;0.99975;0.99945;0.99933;0.99973;0.99716;0.99984;0.99949;0.99752;0.99930;0.99966;0.99983;0.99949;0.99934;0.99961;0.99924;0.99988;0.99968;0.99975;0.99990;0.99985;0.99938;0.99929;0.99974;0.99948;0.99874;0.99966,0.9994088
D:\REGAN-Projek\THESIS\Dataset\Kawahara\release\images\NGL\Ngl006.jpg,NGL/Ngl006.jpg,KAW_803,Kawahara,3,44,external,stage2,densenet121,densenet121_proc_subsample,1,1,2,False,3.5569722e-06,0.00040953048,0.025268123,0.024858592,0.99614626,0.99296;0.99607;0.99774;0.99654;0.99703;0.99657;0.99774;0.99635;0.99752;0.99656;0.99519;0.99607;0.99688;0.99245;0.99823;0.99402;0.99671;0.99582;0.99791;0.99816;0.99858;0.99658;0.99577;0.99029;0.99260;0.99585;0.99675;0.99700;0.99704;0.99741,0.99614626
D:\REGAN-Projek\THESIS\Dataset\Kawahara\release\images\NGL\Ngl057.jpg,NGL/Ngl057.jpg,KAW_804,Kawahara,3,44,external,stage2,densenet121,densenet121_proc_subsample,1,1,2,False,0.00022656466,0.003289476,0.14948678,0.1461973,0.96566963,0.95590;0.98028;0.96288;0.97834;0.94986;0.97822;0.97809;0.94892;0.97189;0.93744;0.97429;0.94229;0.97838;0.98620;0.97463;0.97608;0.97676;0.97278;0.97826;0.94882;0.93663;0.97429;0.97339;0.95482;0.94738;0.98302;0.96505;0.96505;0.93958;0.98054,0.96566963
D:\REGAN-Projek\THESIS\Dataset\Kawahara\release\images\NGL\Ngl015.jpg,NGL/Ngl015.jpg,KAW_805,Kawahara,3,44,external,stage2,densenet121,densenet121_proc_subsample,1,1,2,False,6.673137e-05,0.0013498068,0.11987509,0.11852528,0.9741861,0.96950;0.96967;0.96466;0.98215;0.96802;0.98979;0.97927;0.97041;0.98156;0.97871;0.98366;0.97959;0.97443;0.98372;0.97797;0.96927;0.97205;0.96110;0.96175;0.96132;0.97553;0.97553;0.95969;0.97645;0.97733;0.98385;0.98440;0.96385;0.96716;0.98321,0.9741861
D:\REGAN-Projek\THESIS\Dataset\Kawahara\release\images\NHL\Nhl017.jpg,NHL/Nhl017.jpg,KAW_806,Kawahara,3,44,external,stage2,densenet121,densenet121_proc_subsample,1,1,2,False,6.775628e-06,0.0007558521,0.027232336,0.026476484,0.99578977,0.99700;0.99921;0.99823;0.99152;0.99040;0.99864;0.99766;0.99652;0.99310;0.99813;0.99293;0.99635;0.99702;0.99588;0.99478;0.99599;0.99877;0.99122;0.99818;0.99572;0.99744;0.99879;0.99681;0.99513;0.99480;0.98871;0.99631;0.99572;0.99678;0.99596,0.99578977
D:\REGAN-Projek\THESIS\Dataset\Kawahara\release\images\NIL\Nil062.jpg,NIL/Nil062.jpg,KAW_807,Kawahara,3,44,external,stage2,densenet121,densenet121_proc_subsample,1,1,2,False,1.7912236e-06,0.0003621988,0.017286483,0.016924284,0.99753153,0.99524;0.99569;0.99548;0.99793;0.99730;0.99922;0.99803;0.99779;0.99941;0.99860;0.99943;0.99822;0.99936;0.99671;0.99739;0.99591;0.99869;0.99770;0.99852;0.99824;0.99873;0.99750;0.99575;0.99800;0.99596;0.99739;0.99837;0.99420;0.99786;0.99732,0.99753153
D:\REGAN-Projek\THESIS\Dataset\Kawahara\release\images\NIL\Nil086.jpg,NIL/Nil086.jpg,KAW_808,Kawahara,3,44,external,stage2,densenet121,densenet121_proc_subsample,1,1,2,False,2.7589022e-05,0.0011681393,0.06551881,0.06435067,0.9878827,0.99539;0.99254;0.98757;0.99040;0.99254;0.98194;0.99563;0.98256;0.98208;0.99048;0.98926;0.98276;0.98229;0.98926;0.97324;0.98328;0.99108;0.99716;0.98975;0.98871;0.98236;0.98914;0.99434;0.98131;0.99254;0.98947;0.98385;0.98897;0.98757;0.98901,0.9878827
D:\REGAN-Projek\THESIS\Dataset\Kawahara\release\images\NML\Nml020.jpg,NML/Nml020.jpg,KAW_809,Kawahara,3,44,external,stage2,densenet121,densenet121_proc_subsample,1,1,2,False,2.08378e-05,0.0012697577,0.046850607,0.04558085,0.9919468,0.99692;0.98566;0.99705;0.99623;0.99315;0.99747;0.99476;0.99546;0.99274;0.99200;0.99129;0.98871;0.99354;0.99436;0.99711;0.99626;0.99674;0.98776;0.98215;0.98845;0.98504;0.98947;0.99440;0.98533;0.99582;0.99010;0.98931;0.99660;0.99254;0.98198,0.9919468
D:\REGAN-Projek\THESIS\Dataset\Kawahara\release\images\NML\Nml081.jpg,NML/Nml081.jpg,KAW_810,Kawahara,3,44,external,stage2,densenet121,densenet121_proc_subsample,1,1,2,False,0.0010102155,0.0067440867,0.26993856,0.26319447,0.9235796,0.88243;0.93121;0.88914;0.90312;0.96014;0.92749;0.94748;0.90088;0.96944;0.91337;0.90616;0.85573;0.94418;0.95240;0.85244;0.93880;0.94882;0.93617;0.95388;0.84822;0.92815;0.91228;0.91775;0.94738;0.91566;0.93790;0.93733;0.94165;0.96051;0.94728,0.9235796
D:\REGAN-Projek\THESIS\Dataset\Kawahara\release\images\Ael\Ael498.jpg,Ael/Ael498.jpg,KAW_811,Kawahara,3,44,external,stage2,densenet121,densenet121_proc_subsample,1,1,2,False,5.9367627e-05,0.001595147,0.09122203,0.089626886,0.9817314,0.97867;0.97863;0.98752;0.97851;0.96862;0.98631;0.99197;0.99112;0.96784;0.97511;0.98236;0.98999;0.99230;0.98415;0.98667;0.98242;0.96961;0.98688;0.98005;0.98315;0.97927;0.98667;0.98583;0.98428;0.96398;0.98991;0.98276;0.96790;0.97924;0.99022,0.9817314
D:\REGAN-Projek\THESIS\Dataset\Kawahara\release\images\Ael\Ael514.jpg,Ael/Ael514.jpg,KAW_812,Kawahara,3,44,external,stage2,densenet121,densenet121_proc_subsample,1,1,2,False,0.00038538492,0.0023141205,0.29878485,0.29647073,0.9116152,0.92710;0.91306;0.91641;0.91055;0.92854;0.93463;0.92122;0.93416;0.92536;0.88161;0.91505;0.88934;0.90482;0.92206;0.94650;0.88622;0.91398;0.88424;0.91023;0.92022;0.91352;0.93391;0.91745;0.88876;0.87925;0.92982;0.91551;0.85753;0.91863;0.90878,0.9116152
D:\REGAN-Projek\THESIS\Dataset\Kawahara\release\images\Gzl\gzl64.jpg,Gzl/gzl64.jpg,KAW_813,Kawahara,3,44,external,stage2,densenet121,densenet121_proc_subsample,1,1,2,False,2.7293518e-05,0.0012056455,0.061744627,0.06053898,0.98873323,0.98550;0.98804;0.99062;0.99209;0.98262;0.98876;0.99051;0.98893;0.99484;0.99333;0.99125;0.98708;0.98385;0.98276;0.99459;0.98428;0.98983;0.97801;0.99230;0.99555;0.97963;0.98703;0.99215;0.99033;0.99263;0.98236;0.99601;0.99466;0.99457;0.97788,0.98873323
D:\REGAN-Projek\THESIS\Dataset\Kawahara\release\images\Gzl\gzl78.jpg,Gzl/gzl78.jpg,KAW_814,Kawahara,3,44,external,stage2,densenet121,densenet121_proc_subsample,1,1,2,False,0.0010645667,0.0059435964,0.31206524,0.30612165,0.90583694,0.90894;0.90499;0.87737;0.91165;0.88121;0.90894;0.95168;0.94660;0.89698;0.94187;0.93294;0.90748;0.93902;0.90731;0.82713;0.91414;0.89350;0.90070;0.95275;0.92248;0.89181;0.81153;0.87321;0.90482;0.87418;0.93146;0.87343;0.93428;0.93134;0.92136,0.90583694
D:\REGAN-Projek\THESIS\Dataset\Kawahara\release\images\FCL\FCL054.JPG,FCL/FCL054.JPG,KAW_815,Kawahara,3,44,external,stage2,densenet121,densenet121_proc_subsample,1,1,2,False,0.0009215175,0.003581971,0.42938995,0.42580798,0.8461146,0.83155;0.82963;0.89424;0.88263;0.84784;0.89200;0.89497;0.88080;0.81287;0.86477;0.86212;0.87060;0.80348;0.83101;0.88324;0.82769;0.84505;0.80085;0.85943;0.83278;0.82432;0.87180;0.88622;0.83921;0.83722;0.83789;0.80394;0.82361;0.82671;0.78498,0.8461146
D:\REGAN-Projek\THESIS\Dataset\Kawahara\release\images\FCL\Fcl068.jpg,FCl/Fcl068.jpg,KAW_816,Kawahara,3,44,external,stage2,densenet121,densenet121_proc_subsample,1,1,2,False,0.0010422976,0.0038681328,0.43152106,0.42765293,0.84486073,0.84273;0.84947;0.86557;0.86726;0.79693;0.84972;0.88283;0.89200;0.86316;0.83427;0.82375;0.80897;0.82304;0.86258;0.73488;0.85669;0.87049;0.84415;0.79991;0.87005;0.83655;0.84670;0.84569;0.85919;0.82671;0.85146;0.84897;0.84104;0.83521;0.91581,0.84486073
D:\REGAN-Projek\THESIS\Dataset\Kawahara\release\images\FDL\FDL052.JPG,FDL/FDL052.JPG,KAW_817,Kawahara,3,44,external,stage2,densenet121,densenet121_proc_subsample,1,1,2,False,0.00023777454,0.0031009167,0.14877845,0.14567754,0.9658817,0.97074;0.97304;0.97959;0.94738;0.94229;0.96225;0.96532;0.97473;0.93404;0.97916;0.97394;0.97354;0.97487;0.97896;0.92093;0.97627;0.97379;0.97024;0.92957;0.97220;0.97562;0.97369;0.95961;0.97389;0.97515;0.95456;0.96622;0.97737;0.97085;0.97662,0.9658817
D:\REGAN-Projek\THESIS\Dataset\Kawahara\release\images\Gcl\Gcl039.jpg,Gcl/Gcl039.jpg,KAW_818,Kawahara,3,44,external,stage2,densenet121,densenet121_proc_subsample,1,1,2,False,0.003402728,0.0068764687,0.6909816,0.68410516,0.53289336,0.52269;0.55206;0.57708;0.46181;0.56013;0.59866;0.50234;0.58433;0.50422;0.46697;0.43590;0.44749;0.44689;0.54086;0.56548;0.49958;0.52630;0.46214;0.59326;0.58948;0.49578;0.54401;0.57559;0.49352;0.65721;0.46002;0.64668;0.58397;0.56866;0.52371,0.53289336
D:\REGAN-Projek\THESIS\Dataset\Kawahara\release\images\Gcl\Gcl052.jpg,Gcl/Gcl052.jpg,KAW_819,Kawahara,3,44,external,stage2,densenet121,densenet121_proc_subsample,1,1,2,False,9.377417e-05,0.0017645434,0.1118227,0.11005816,0.97637695,0.97741;0.98538;0.98242;0.98222;0.98077;0.96808;0.97875;0.96398;0.98415;0.97113;0.97892;0.97788;0.93902;0.96862;0.96903;0.98102;0.98790;0.97496;0.98001;0.96323;0.97631;0.98752;0.96685;0.97955;0.98229;0.98334;0.98131;0.98742;0.97805;0.97374,0.97637695
D:\REGAN-Projek\THESIS\Dataset\Kawahara\release\images\Fgl\Fgl044.jpg,Fgl/Fgl044.jpg,KAW_820,Kawahara,3,44,external,stage2,densenet121,densenet121_proc_subsample,1,1,2,False,9.7930504e-05,0.0021623,0.11495069,0.11278839,0.97553235,0.95854;0.97963;0.97943;0.97199;0.98897;0.98117;0.97581;0.96802;0.96288;0.97558;0.97599;0.97780;0.97146;0.98321;0.96753;0.96080;0.98222;0.96874;0.99197;0.99175;0.95606;0.97399;0.97052;0.98822;0.96499;0.97194;0.96590;0.98723;0.98947;0.98415,0.97553235
D:\REGAN-Projek\THESIS\Dataset\Kawahara\release\images\Fil\Fil008.jpg,Fil/Fil008.jpg,KAW_821,Kawahara,3,44,external,stage2,densenet121,densenet121_proc_subsample,1,1,2,False,0.0016510398,0.004853308,0.5139992,0.5091459,0.7899679,0.78972;0.72749;0.81302;0.79375;0.85476;0.79771;0.72981;0.81523;0.80533;0.78083;0.77848;0.75869;0.74280;0.81917;0.82390;0.84960;0.84026;0.67136;0.78050;0.80943;0.73087;0.83237;0.79343;0.80194;0.74242;0.83400;0.80579;0.80517;0.77781;0.79343,0.7899679
D:\REGAN-Projek\THESIS\Dataset\Kawahara\release\images\Fil\Fil040.jpg,Fil/Fil040.jpg,KAW_822,Kawahara,3,44,external,stage2,densenet121,densenet121_proc_subsample,1,1,2,False,0.00048028678,0.0044400245,0.20972165,0.20528163,0.9461421,0.92536;0.94090;0.96647;0.96036;0.95465;0.97576;0.94101;0.96281;0.90018;0.96880;0.94815;0.95783;0.96909;0.88364;0.96616;0.92387;0.95984;0.97404;0.95249;0.96330;0.95846;0.95663;0.92763;0.95532;0.93463;0.92604;0.93487;0.95388;0.91877;0.92332,0.9461421
D:\REGAN-Projek\THESIS\Dataset\Kawahara\release\images\New\newl036.jpg,New/newl036.jpg,KAW_823,Kawahara,3,44,external,stage2,densenet121,densenet121_proc_subsample,1,1,2,False,7.738799e-06,0.0006756708,0.033808436,0.033132765,0.9945563,0.99378;0.99502;0.99420;0.99783;0.99409;0.99472;0.99732;0.99745;0.99511;0.99751;0.99680;0.99429;0.99200;0.99824;0.99388;0.99645;0.99800;0.99690;0.98747;0.98718;0.99436;0.99346;0.99530;0.99146;0.99696;0.99037;0.99341;0.99285;0.99662;0.99366,0.9945563
